corpus,run,fold,score
callhome,0,0,0.88
callhome,0,1,0.88461538461538458
callhome,0,2,0.83999999999999997
callhome,0,3,0.71999999999999997
callhome,0,4,0.73076923076923073
callhome,0,5,0.80000000000000004
callhome,0,6,0.80000000000000004
callhome,0,7,0.80000000000000004
callhome,0,8,0.76923076923076927
callhome,0,9,0.88
callhome,1,0,0.76000000000000001
callhome,1,1,0.69230769230769229
callhome,1,2,0.76000000000000001
callhome,1,3,0.71999999999999997
callhome,1,4,0.84615384615384615
callhome,1,5,0.88
callhome,1,6,0.80000000000000004
callhome,1,7,0.64000000000000001
callhome,1,8,0.84615384615384615
callhome,1,9,0.88
callhome,2,0,0.71999999999999997
callhome,2,1,0.92307692307692313
callhome,2,2,0.68000000000000005
callhome,2,3,0.83999999999999997
callhome,2,4,0.88461538461538458
callhome,2,5,0.76000000000000001
callhome,2,6,0.76000000000000001
callhome,2,7,0.71999999999999997
callhome,2,8,0.88461538461538458
callhome,2,9,0.71999999999999997
callhome,3,0,0.92000000000000004
callhome,3,1,0.80769230769230771
callhome,3,2,0.80000000000000004
callhome,3,3,0.80000000000000004
callhome,3,4,0.76923076923076927
callhome,3,5,0.92000000000000004
callhome,3,6,0.56000000000000005
callhome,3,7,0.76000000000000001
callhome,3,8,0.76923076923076927
callhome,3,9,0.83999999999999997
callhome,4,0,0.83999999999999997
callhome,4,1,0.73076923076923073
callhome,4,2,0.71999999999999997
callhome,4,3,0.83999999999999997
callhome,4,4,0.80769230769230771
callhome,4,5,0.71999999999999997
callhome,4,6,0.71999999999999997
callhome,4,7,0.80000000000000004
callhome,4,8,0.80769230769230771
callhome,4,9,0.80000000000000004
callhome,5,0,0.64000000000000001
callhome,5,1,0.96153846153846156
callhome,5,2,0.71999999999999997
callhome,5,3,0.83999999999999997
callhome,5,4,0.84615384615384615
callhome,5,5,0.71999999999999997
callhome,5,6,0.76000000000000001
callhome,5,7,0.68000000000000005
callhome,5,8,0.84615384615384615
callhome,5,9,0.92000000000000004
callhome,6,0,0.83999999999999997
callhome,6,1,0.80769230769230771
callhome,6,2,0.88
callhome,6,3,0.80000000000000004
callhome,6,4,0.73076923076923073
callhome,6,5,0.76000000000000001
callhome,6,6,0.71999999999999997
callhome,6,7,0.80000000000000004
callhome,6,8,0.73076923076923073
callhome,6,9,0.95999999999999996
callhome,7,0,0.80000000000000004
callhome,7,1,0.73076923076923073
callhome,7,2,0.80000000000000004
callhome,7,3,1.0
callhome,7,4,0.80769230769230771
callhome,7,5,0.76000000000000001
callhome,7,6,0.88
callhome,7,7,0.76000000000000001
callhome,7,8,0.73076923076923073
callhome,7,9,0.80000000000000004
callhome,8,0,0.88
callhome,8,1,0.84615384615384615
callhome,8,2,0.76000000000000001
callhome,8,3,0.88
callhome,8,4,0.73076923076923073
callhome,8,5,0.88
callhome,8,6,0.80000000000000004
callhome,8,7,0.68000000000000005
callhome,8,8,0.80769230769230771
callhome,8,9,0.68000000000000005
callhome,9,0,0.64000000000000001
callhome,9,1,0.88461538461538458
callhome,9,2,0.95999999999999996
callhome,9,3,0.71999999999999997
callhome,9,4,0.80769230769230771
callhome,9,5,0.80000000000000004
callhome,9,6,0.76000000000000001
callhome,9,7,0.76000000000000001
callhome,9,8,0.88461538461538458
callhome,9,9,0.80000000000000004
callhome,10,0,0.88
callhome,10,1,0.73076923076923073
callhome,10,2,0.92000000000000004
callhome,10,3,0.83999999999999997
callhome,10,4,0.84615384615384615
callhome,10,5,0.56000000000000005
callhome,10,6,0.64000000000000001
callhome,10,7,0.71999999999999997
callhome,10,8,0.92307692307692313
callhome,10,9,0.88
callhome,11,0,0.83999999999999997
callhome,11,1,0.80769230769230771
callhome,11,2,0.92000000000000004
callhome,11,3,0.80000000000000004
callhome,11,4,0.80769230769230771
callhome,11,5,0.88
callhome,11,6,0.76000000000000001
callhome,11,7,0.68000000000000005
callhome,11,8,0.69230769230769229
callhome,11,9,0.76000000000000001
callhome,12,0,1.0
callhome,12,1,0.84615384615384615
callhome,12,2,0.76000000000000001
callhome,12,3,0.64000000000000001
callhome,12,4,0.76923076923076927
callhome,12,5,0.56000000000000005
callhome,12,6,0.80000000000000004
callhome,12,7,0.83999999999999997
callhome,12,8,0.80769230769230771
callhome,12,9,0.71999999999999997
callhome,13,0,0.80000000000000004
callhome,13,1,0.88461538461538458
callhome,13,2,1.0
callhome,13,3,0.80000000000000004
callhome,13,4,0.92307692307692313
callhome,13,5,0.52000000000000002
callhome,13,6,0.64000000000000001
callhome,13,7,0.76000000000000001
callhome,13,8,0.61538461538461542
callhome,13,9,0.88
callhome,14,0,0.83999999999999997
callhome,14,1,0.61538461538461542
callhome,14,2,0.71999999999999997
callhome,14,3,0.83999999999999997
callhome,14,4,0.92307692307692313
callhome,14,5,0.83999999999999997
callhome,14,6,0.83999999999999997
callhome,14,7,0.88
callhome,14,8,0.61538461538461542
callhome,14,9,0.83999999999999997
callhome,15,0,0.68000000000000005
callhome,15,1,0.65384615384615385
callhome,15,2,0.80000000000000004
callhome,15,3,0.83999999999999997
callhome,15,4,0.92307692307692313
callhome,15,5,0.83999999999999997
callhome,15,6,0.80000000000000004
callhome,15,7,0.80000000000000004
callhome,15,8,0.76923076923076927
callhome,15,9,0.80000000000000004
callhome,16,0,0.83999999999999997
callhome,16,1,0.76923076923076927
callhome,16,2,0.68000000000000005
callhome,16,3,0.68000000000000005
callhome,16,4,0.69230769230769229
callhome,16,5,0.76000000000000001
callhome,16,6,1.0
callhome,16,7,0.76000000000000001
callhome,16,8,0.88461538461538458
callhome,16,9,0.88
callhome,17,0,0.83999999999999997
callhome,17,1,0.80769230769230771
callhome,17,2,0.71999999999999997
callhome,17,3,0.71999999999999997
callhome,17,4,0.84615384615384615
callhome,17,5,0.88
callhome,17,6,0.83999999999999997
callhome,17,7,0.88
callhome,17,8,0.80769230769230771
callhome,17,9,0.64000000000000001
callhome,18,0,0.76000000000000001
callhome,18,1,0.65384615384615385
callhome,18,2,0.71999999999999997
callhome,18,3,0.68000000000000005
callhome,18,4,0.92307692307692313
callhome,18,5,0.92000000000000004
callhome,18,6,0.95999999999999996
callhome,18,7,0.83999999999999997
callhome,18,8,0.84615384615384615
callhome,18,9,0.76000000000000001
callhome,19,0,0.76000000000000001
callhome,19,1,0.76923076923076927
callhome,19,2,0.76000000000000001
callhome,19,3,0.88
callhome,19,4,0.65384615384615385
callhome,19,5,0.92000000000000004
callhome,19,6,0.76000000000000001
callhome,19,7,0.68000000000000005
callhome,19,8,0.80769230769230771
callhome,19,9,0.83999999999999997
callhome,20,0,0.80000000000000004
callhome,20,1,0.73076923076923073
callhome,20,2,0.83999999999999997
callhome,20,3,0.83999999999999997
callhome,20,4,0.80769230769230771
callhome,20,5,0.64000000000000001
callhome,20,6,0.88
callhome,20,7,0.71999999999999997
callhome,20,8,0.88461538461538458
callhome,20,9,0.88
callhome,21,0,0.80000000000000004
callhome,21,1,0.96153846153846156
callhome,21,2,0.76000000000000001
callhome,21,3,0.88
callhome,21,4,0.80769230769230771
callhome,21,5,0.71999999999999997
callhome,21,6,0.76000000000000001
callhome,21,7,0.56000000000000005
callhome,21,8,0.80769230769230771
callhome,21,9,0.83999999999999997
callhome,22,0,0.71999999999999997
callhome,22,1,0.76923076923076927
callhome,22,2,0.80000000000000004
callhome,22,3,0.80000000000000004
callhome,22,4,0.80769230769230771
callhome,22,5,0.80000000000000004
callhome,22,6,0.88
callhome,22,7,0.76000000000000001
callhome,22,8,0.80769230769230771
callhome,22,9,0.76000000000000001
callhome,23,0,0.92000000000000004
callhome,23,1,0.65384615384615385
callhome,23,2,0.59999999999999998
callhome,23,3,0.83999999999999997
callhome,23,4,0.92307692307692313
callhome,23,5,0.88
callhome,23,6,0.80000000000000004
callhome,23,7,0.76000000000000001
callhome,23,8,0.84615384615384615
callhome,23,9,0.76000000000000001
callhome,24,0,0.71999999999999997
callhome,24,1,0.84615384615384615
callhome,24,2,0.88
callhome,24,3,0.80000000000000004
callhome,24,4,0.80769230769230771
callhome,24,5,0.71999999999999997
callhome,24,6,0.71999999999999997
callhome,24,7,0.68000000000000005
callhome,24,8,0.92307692307692313
callhome,24,9,0.80000000000000004
switchboardcell,0,0,0.62
switchboardcell,0,1,0.73999999999999999
switchboardcell,0,2,0.73999999999999999
switchboardcell,0,3,0.57999999999999996
switchboardcell,0,4,0.71999999999999997
switchboardcell,0,5,0.71999999999999997
switchboardcell,0,6,0.71999999999999997
switchboardcell,0,7,0.68000000000000005
switchboardcell,0,8,0.69999999999999996
switchboardcell,0,9,0.76000000000000001
switchboardcell,1,0,0.69999999999999996
switchboardcell,1,1,0.57999999999999996
switchboardcell,1,2,0.69999999999999996
switchboardcell,1,3,0.78000000000000003
switchboardcell,1,4,0.76000000000000001
switchboardcell,1,5,0.68000000000000005
switchboardcell,1,6,0.71999999999999997
switchboardcell,1,7,0.73999999999999999
switchboardcell,1,8,0.62
switchboardcell,1,9,0.68000000000000005
switchboardcell,2,0,0.68000000000000005
switchboardcell,2,1,0.68000000000000005
switchboardcell,2,2,0.78000000000000003
switchboardcell,2,3,0.64000000000000001
switchboardcell,2,4,0.64000000000000001
switchboardcell,2,5,0.66000000000000003
switchboardcell,2,6,0.69999999999999996
switchboardcell,2,7,0.68000000000000005
switchboardcell,2,8,0.66000000000000003
switchboardcell,2,9,0.76000000000000001
switchboardcell,3,0,0.69999999999999996
switchboardcell,3,1,0.62
switchboardcell,3,2,0.64000000000000001
switchboardcell,3,3,0.71999999999999997
switchboardcell,3,4,0.69999999999999996
switchboardcell,3,5,0.68000000000000005
switchboardcell,3,6,0.71999999999999997
switchboardcell,3,7,0.68000000000000005
switchboardcell,3,8,0.69999999999999996
switchboardcell,3,9,0.57999999999999996
switchboardcell,4,0,0.52000000000000002
switchboardcell,4,1,0.80000000000000004
switchboardcell,4,2,0.69999999999999996
switchboardcell,4,3,0.66000000000000003
switchboardcell,4,4,0.76000000000000001
switchboardcell,4,5,0.80000000000000004
switchboardcell,4,6,0.73999999999999999
switchboardcell,4,7,0.68000000000000005
switchboardcell,4,8,0.66000000000000003
switchboardcell,4,9,0.68000000000000005
switchboardcell,5,0,0.64000000000000001
switchboardcell,5,1,0.64000000000000001
switchboardcell,5,2,0.64000000000000001
switchboardcell,5,3,0.76000000000000001
switchboardcell,5,4,0.73999999999999999
switchboardcell,5,5,0.71999999999999997
switchboardcell,5,6,0.57999999999999996
switchboardcell,5,7,0.56000000000000005
switchboardcell,5,8,0.73999999999999999
switchboardcell,5,9,0.76000000000000001
switchboardcell,6,0,0.66000000000000003
switchboardcell,6,1,0.68000000000000005
switchboardcell,6,2,0.73999999999999999
switchboardcell,6,3,0.73999999999999999
switchboardcell,6,4,0.71999999999999997
switchboardcell,6,5,0.68000000000000005
switchboardcell,6,6,0.76000000000000001
switchboardcell,6,7,0.64000000000000001
switchboardcell,6,8,0.66000000000000003
switchboardcell,6,9,0.66000000000000003
switchboardcell,7,0,0.73999999999999999
switchboardcell,7,1,0.64000000000000001
switchboardcell,7,2,0.76000000000000001
switchboardcell,7,3,0.66000000000000003
switchboardcell,7,4,0.81999999999999995
switchboardcell,7,5,0.62
switchboardcell,7,6,0.54000000000000004
switchboardcell,7,7,0.73999999999999999
switchboardcell,7,8,0.76000000000000001
switchboardcell,7,9,0.59999999999999998
switchboardcell,8,0,0.69999999999999996
switchboardcell,8,1,0.71999999999999997
switchboardcell,8,2,0.69999999999999996
switchboardcell,8,3,0.71999999999999997
switchboardcell,8,4,0.76000000000000001
switchboardcell,8,5,0.73999999999999999
switchboardcell,8,6,0.73999999999999999
switchboardcell,8,7,0.64000000000000001
switchboardcell,8,8,0.69999999999999996
switchboardcell,8,9,0.66000000000000003
switchboardcell,9,0,0.71999999999999997
switchboardcell,9,1,0.69999999999999996
switchboardcell,9,2,0.54000000000000004
switchboardcell,9,3,0.66000000000000003
switchboardcell,9,4,0.71999999999999997
switchboardcell,9,5,0.64000000000000001
switchboardcell,9,6,0.66000000000000003
switchboardcell,9,7,0.71999999999999997
switchboardcell,9,8,0.62
switchboardcell,9,9,0.73999999999999999
switchboardcell,10,0,0.78000000000000003
switchboardcell,10,1,0.73999999999999999
switchboardcell,10,2,0.57999999999999996
switchboardcell,10,3,0.5
switchboardcell,10,4,0.81999999999999995
switchboardcell,10,5,0.73999999999999999
switchboardcell,10,6,0.73999999999999999
switchboardcell,10,7,0.69999999999999996
switchboardcell,10,8,0.64000000000000001
switchboardcell,10,9,0.71999999999999997
switchboardcell,11,0,0.76000000000000001
switchboardcell,11,1,0.71999999999999997
switchboardcell,11,2,0.71999999999999997
switchboardcell,11,3,0.71999999999999997
switchboardcell,11,4,0.69999999999999996
switchboardcell,11,5,0.62
switchboardcell,11,6,0.66000000000000003
switchboardcell,11,7,0.81999999999999995
switchboardcell,11,8,0.64000000000000001
switchboardcell,11,9,0.64000000000000001
switchboardcell,12,0,0.68000000000000005
switchboardcell,12,1,0.71999999999999997
switchboardcell,12,2,0.62
switchboardcell,12,3,0.66000000000000003
switchboardcell,12,4,0.71999999999999997
switchboardcell,12,5,0.76000000000000001
switchboardcell,12,6,0.73999999999999999
switchboardcell,12,7,0.64000000000000001
switchboardcell,12,8,0.64000000000000001
switchboardcell,12,9,0.73999999999999999
switchboardcell,13,0,0.66000000000000003
switchboardcell,13,1,0.66000000000000003
switchboardcell,13,2,0.54000000000000004
switchboardcell,13,3,0.83999999999999997
switchboardcell,13,4,0.76000000000000001
switchboardcell,13,5,0.69999999999999996
switchboardcell,13,6,0.66000000000000003
switchboardcell,13,7,0.80000000000000004
switchboardcell,13,8,0.73999999999999999
switchboardcell,13,9,0.69999999999999996
switchboardcell,14,0,0.66000000000000003
switchboardcell,14,1,0.64000000000000001
switchboardcell,14,2,0.78000000000000003
switchboardcell,14,3,0.57999999999999996
switchboardcell,14,4,0.71999999999999997
switchboardcell,14,5,0.73999999999999999
switchboardcell,14,6,0.71999999999999997
switchboardcell,14,7,0.71999999999999997
switchboardcell,14,8,0.71999999999999997
switchboardcell,14,9,0.64000000000000001
switchboardcell,15,0,0.68000000000000005
switchboardcell,15,1,0.71999999999999997
switchboardcell,15,2,0.64000000000000001
switchboardcell,15,3,0.71999999999999997
switchboardcell,15,4,0.69999999999999996
switchboardcell,15,5,0.76000000000000001
switchboardcell,15,6,0.69999999999999996
switchboardcell,15,7,0.68000000000000005
switchboardcell,15,8,0.80000000000000004
switchboardcell,15,9,0.68000000000000005
switchboardcell,16,0,0.66000000000000003
switchboardcell,16,1,0.78000000000000003
switchboardcell,16,2,0.59999999999999998
switchboardcell,16,3,0.66000000000000003
switchboardcell,16,4,0.78000000000000003
switchboardcell,16,5,0.80000000000000004
switchboardcell,16,6,0.80000000000000004
switchboardcell,16,7,0.62
switchboardcell,16,8,0.64000000000000001
switchboardcell,16,9,0.66000000000000003
switchboardcell,17,0,0.76000000000000001
switchboardcell,17,1,0.69999999999999996
switchboardcell,17,2,0.68000000000000005
switchboardcell,17,3,0.71999999999999997
switchboardcell,17,4,0.56000000000000005
switchboardcell,17,5,0.64000000000000001
switchboardcell,17,6,0.69999999999999996
switchboardcell,17,7,0.73999999999999999
switchboardcell,17,8,0.62
switchboardcell,17,9,0.66000000000000003
switchboardcell,18,0,0.69999999999999996
switchboardcell,18,1,0.73999999999999999
switchboardcell,18,2,0.69999999999999996
switchboardcell,18,3,0.68000000000000005
switchboardcell,18,4,0.66000000000000003
switchboardcell,18,5,0.66000000000000003
switchboardcell,18,6,0.73999999999999999
switchboardcell,18,7,0.78000000000000003
switchboardcell,18,8,0.73999999999999999
switchboardcell,18,9,0.66000000000000003
switchboardcell,19,0,0.78000000000000003
switchboardcell,19,1,0.64000000000000001
switchboardcell,19,2,0.69999999999999996
switchboardcell,19,3,0.62
switchboardcell,19,4,0.71999999999999997
switchboardcell,19,5,0.78000000000000003
switchboardcell,19,6,0.68000000000000005
switchboardcell,19,7,0.62
switchboardcell,19,8,0.56000000000000005
switchboardcell,19,9,0.64000000000000001
switchboardcell,20,0,0.64000000000000001
switchboardcell,20,1,0.69999999999999996
switchboardcell,20,2,0.68000000000000005
switchboardcell,20,3,0.73999999999999999
switchboardcell,20,4,0.68000000000000005
switchboardcell,20,5,0.68000000000000005
switchboardcell,20,6,0.68000000000000005
switchboardcell,20,7,0.64000000000000001
switchboardcell,20,8,0.76000000000000001
switchboardcell,20,9,0.66000000000000003
switchboardcell,21,0,0.71999999999999997
switchboardcell,21,1,0.73999999999999999
switchboardcell,21,2,0.78000000000000003
switchboardcell,21,3,0.69999999999999996
switchboardcell,21,4,0.73999999999999999
switchboardcell,21,5,0.69999999999999996
switchboardcell,21,6,0.78000000000000003
switchboardcell,21,7,0.68000000000000005
switchboardcell,21,8,0.66000000000000003
switchboardcell,21,9,0.76000000000000001
switchboardcell,22,0,0.69999999999999996
switchboardcell,22,1,0.78000000000000003
switchboardcell,22,2,0.66000000000000003
switchboardcell,22,3,0.64000000000000001
switchboardcell,22,4,0.76000000000000001
switchboardcell,22,5,0.73999999999999999
switchboardcell,22,6,0.62
switchboardcell,22,7,0.71999999999999997
switchboardcell,22,8,0.76000000000000001
switchboardcell,22,9,0.5
switchboardcell,23,0,0.62
switchboardcell,23,1,0.73999999999999999
switchboardcell,23,2,0.78000000000000003
switchboardcell,23,3,0.80000000000000004
switchboardcell,23,4,0.62
switchboardcell,23,5,0.64000000000000001
switchboardcell,23,6,0.57999999999999996
switchboardcell,23,7,0.66000000000000003
switchboardcell,23,8,0.66000000000000003
switchboardcell,23,9,0.71999999999999997
switchboardcell,24,0,0.83999999999999997
switchboardcell,24,1,0.68000000000000005
switchboardcell,24,2,0.69999999999999996
switchboardcell,24,3,0.68000000000000005
switchboardcell,24,4,0.62
switchboardcell,24,5,0.62
switchboardcell,24,6,0.66000000000000003
switchboardcell,24,7,0.71999999999999997
switchboardcell,24,8,0.71999999999999997
switchboardcell,24,9,0.62
fisher2,0,0,0.81389365351629506
fisher2,0,1,0.80360205831903941
fisher2,0,2,0.77958833619210977
fisher2,0,3,0.79502572898799317
fisher2,0,4,0.82590051457975988
fisher2,0,5,0.81373390557939917
fisher2,0,6,0.82075471698113212
fisher2,0,7,0.80360205831903941
fisher2,0,8,0.80017152658662094
fisher2,0,9,0.79588336192109777
fisher2,1,0,0.80531732418524871
fisher2,1,1,0.81217838765008576
fisher2,1,2,0.79845626072041165
fisher2,1,3,0.82933104631217835
fisher2,1,4,0.78473413379073753
fisher2,1,5,0.80858369098712446
fisher2,1,6,0.78387650085763294
fisher2,1,7,0.79245283018867929
fisher2,1,8,0.82675814751286447
fisher2,1,9,0.8061749571183533
fisher2,2,0,0.78730703259005141
fisher2,2,1,0.82075471698113212
fisher2,2,2,0.81303602058319036
fisher2,2,3,0.82161234991423671
fisher2,2,4,0.79416809605488847
fisher2,2,5,0.80858369098712446
fisher2,2,6,0.79073756432247
fisher2,2,7,0.80102915951972553
fisher2,2,8,0.80017152658662094
fisher2,2,9,0.80445969125214412
fisher2,3,0,0.79245283018867929
fisher2,3,1,0.807032590051458
fisher2,3,2,0.80017152658662094
fisher2,3,3,0.81046312178387647
fisher2,3,4,0.80874785591766729
fisher2,3,5,0.81974248927038629
fisher2,3,6,0.80360205831903941
fisher2,3,7,0.81560891938250424
fisher2,3,8,0.79416809605488847
fisher2,3,9,0.80874785591766729
fisher2,4,0,0.79502572898799317
fisher2,4,1,0.81989708404802741
fisher2,4,2,0.79931389365351635
fisher2,4,3,0.80874785591766729
fisher2,4,4,0.80274442538593482
fisher2,4,5,0.81545064377682408
fisher2,4,6,0.80102915951972553
fisher2,4,7,0.81303602058319036
fisher2,4,8,0.79759862778730706
fisher2,4,9,0.8061749571183533
fisher2,5,0,0.81046312178387647
fisher2,5,1,0.80360205831903941
fisher2,5,2,0.81132075471698117
fisher2,5,3,0.80102915951972553
fisher2,5,4,0.77958833619210977
fisher2,5,5,0.80257510729613735
fisher2,5,6,0.80017152658662094
fisher2,5,7,0.80445969125214412
fisher2,5,8,0.82418524871355059
fisher2,5,9,0.82504288164665518
fisher2,6,0,0.80360205831903941
fisher2,6,1,0.83104631217838765
fisher2,6,2,0.79759862778730706
fisher2,6,3,0.823327615780446
fisher2,6,4,0.77701543739279588
fisher2,6,5,0.79914163090128754
fisher2,6,6,0.80960548885077188
fisher2,6,7,0.81989708404802741
fisher2,6,8,0.79759862778730706
fisher2,6,9,0.80960548885077188
fisher2,7,0,0.8061749571183533
fisher2,7,1,0.79159519725557459
fisher2,7,2,0.81303602058319036
fisher2,7,3,0.79759862778730706
fisher2,7,4,0.81217838765008576
fisher2,7,5,0.80000000000000004
fisher2,7,6,0.823327615780446
fisher2,7,7,0.80188679245283023
fisher2,7,8,0.81560891938250424
fisher2,7,9,0.80188679245283023
fisher2,8,0,0.80274442538593482
fisher2,8,1,0.80274442538593482
fisher2,8,2,0.81132075471698117
fisher2,8,3,0.83619210977701541
fisher2,8,4,0.77530017152658659
fisher2,8,5,0.80600858369098716
fisher2,8,6,0.78216123499142365
fisher2,8,7,0.81818181818181823
fisher2,8,8,0.80274442538593482
fisher2,8,9,0.80789022298456259
fisher2,9,0,0.78902229845626071
fisher2,9,1,0.80960548885077188
fisher2,9,2,0.82847341337907376
fisher2,9,3,0.79159519725557459
fisher2,9,4,0.80445969125214412
fisher2,9,5,0.81630901287553648
fisher2,9,6,0.81389365351629506
fisher2,9,7,0.80531732418524871
fisher2,9,8,0.8061749571183533
fisher2,9,9,0.80188679245283023
fisher2,10,0,0.81046312178387647
fisher2,10,1,0.79331046312178388
fisher2,10,2,0.78902229845626071
fisher2,10,3,0.81903945111492282
fisher2,10,4,0.79759862778730706
fisher2,10,5,0.80944206008583686
fisher2,10,6,0.79674099485420236
fisher2,10,7,0.81475128644939965
fisher2,10,8,0.79588336192109777
fisher2,10,9,0.8224699828473413
fisher2,11,0,0.82075471698113212
fisher2,11,1,0.8061749571183533
fisher2,11,2,0.78559176672384223
fisher2,11,3,0.807032590051458
fisher2,11,4,0.80789022298456259
fisher2,11,5,0.81545064377682408
fisher2,11,6,0.81732418524871353
fisher2,11,7,0.80017152658662094
fisher2,11,8,0.79416809605488847
fisher2,11,9,0.81989708404802741
fisher2,12,0,0.80017152658662094
fisher2,12,1,0.81046312178387647
fisher2,12,2,0.80445969125214412
fisher2,12,3,0.80188679245283023
fisher2,12,4,0.83361921097770153
fisher2,12,5,0.7862660944206008
fisher2,12,6,0.81989708404802741
fisher2,12,7,0.81475128644939965
fisher2,12,8,0.79845626072041165
fisher2,12,9,0.79331046312178388
fisher2,13,0,0.80102915951972553
fisher2,13,1,0.81132075471698117
fisher2,13,2,0.80017152658662094
fisher2,13,3,0.82590051457975988
fisher2,13,4,0.80188679245283023
fisher2,13,5,0.80772532188841206
fisher2,13,6,0.81303602058319036
fisher2,13,7,0.80274442538593482
fisher2,13,8,0.79416809605488847
fisher2,13,9,0.807032590051458
fisher2,14,0,0.79759862778730706
fisher2,14,1,0.81046312178387647
fisher2,14,2,0.80445969125214412
fisher2,14,3,0.80960548885077188
fisher2,14,4,0.79845626072041165
fisher2,14,5,0.80858369098712446
fisher2,14,6,0.807032590051458
fisher2,14,7,0.81217838765008576
fisher2,14,8,0.81646655231560894
fisher2,14,9,0.80102915951972553
fisher2,15,0,0.78044596912521436
fisher2,15,1,0.81475128644939965
fisher2,15,2,0.79245283018867929
fisher2,15,3,0.81217838765008576
fisher2,15,4,0.81303602058319036
fisher2,15,5,0.82145922746781119
fisher2,15,6,0.80960548885077188
fisher2,15,7,0.7898799313893653
fisher2,15,8,0.79759862778730706
fisher2,15,9,0.81732418524871353
fisher2,16,0,0.81389365351629506
fisher2,16,1,0.77873070325900517
fisher2,16,2,0.81818181818181823
fisher2,16,3,0.84562607204116635
fisher2,16,4,0.82075471698113212
fisher2,16,5,0.80772532188841206
fisher2,16,6,0.81046312178387647
fisher2,16,7,0.79502572898799317
fisher2,16,8,0.76415094339622647
fisher2,16,9,0.79845626072041165
fisher2,17,0,0.80960548885077188
fisher2,17,1,0.80188679245283023
fisher2,17,2,0.83361921097770153
fisher2,17,3,0.78902229845626071
fisher2,17,4,0.79159519725557459
fisher2,17,5,0.81974248927038629
fisher2,17,6,0.79073756432247
fisher2,17,7,0.81818181818181823
fisher2,17,8,0.81560891938250424
fisher2,17,9,0.78644939965694682
fisher2,18,0,0.80960548885077188
fisher2,18,1,0.81560891938250424
fisher2,18,2,0.79845626072041165
fisher2,18,3,0.79674099485420236
fisher2,18,4,0.79416809605488847
fisher2,18,5,0.81287553648068667
fisher2,18,6,0.80789022298456259
fisher2,18,7,0.81903945111492282
fisher2,18,8,0.81217838765008576
fisher2,18,9,0.79502572898799317
fisher2,19,0,0.81389365351629506
fisher2,19,1,0.80360205831903941
fisher2,19,2,0.8061749571183533
fisher2,19,3,0.8061749571183533
fisher2,19,4,0.80874785591766729
fisher2,19,5,0.80171673819742484
fisher2,19,6,0.80874785591766729
fisher2,19,7,0.78816466552315612
fisher2,19,8,0.80874785591766729
fisher2,19,9,0.80789022298456259
fisher2,20,0,0.79073756432247
fisher2,20,1,0.80188679245283023
fisher2,20,2,0.80531732418524871
fisher2,20,3,0.81217838765008576
fisher2,20,4,0.7898799313893653
fisher2,20,5,0.82145922746781119
fisher2,20,6,0.80789022298456259
fisher2,20,7,0.807032590051458
fisher2,20,8,0.81389365351629506
fisher2,20,9,0.80188679245283023
fisher2,21,0,0.81818181818181823
fisher2,21,1,0.80188679245283023
fisher2,21,2,0.78730703259005141
fisher2,21,3,0.82418524871355059
fisher2,21,4,0.81475128644939965
fisher2,21,5,0.81888412017167378
fisher2,21,6,0.8061749571183533
fisher2,21,7,0.79245283018867929
fisher2,21,8,0.79416809605488847
fisher2,21,9,0.80188679245283023
fisher2,22,0,0.81475128644939965
fisher2,22,1,0.81818181818181823
fisher2,22,2,0.807032590051458
fisher2,22,3,0.81560891938250424
fisher2,22,4,0.774442538593482
fisher2,22,5,0.78969957081545061
fisher2,22,6,0.80274442538593482
fisher2,22,7,0.81903945111492282
fisher2,22,8,0.80360205831903941
fisher2,22,9,0.81989708404802741
fisher2,23,0,0.79759862778730706
fisher2,23,1,0.81303602058319036
fisher2,23,2,0.79073756432247
fisher2,23,3,0.81560891938250424
fisher2,23,4,0.81217838765008576
fisher2,23,5,0.79656652360515023
fisher2,23,6,0.80789022298456259
fisher2,23,7,0.80960548885077188
fisher2,23,8,0.80360205831903941
fisher2,23,9,0.8061749571183533
fisher2,24,0,0.78301886792452835
fisher2,24,1,0.79245283018867929
fisher2,24,2,0.79588336192109777
fisher2,24,3,0.8061749571183533
fisher2,24,4,0.81732418524871353
fisher2,24,5,0.82489270386266089
fisher2,24,6,0.83276157804459694
fisher2,24,7,0.8061749571183533
fisher2,24,8,0.80531732418524871
fisher2,24,9,0.8061749571183533
colt,0,0,0.80952380952380953
colt,0,1,0.76984126984126988
colt,0,2,0.69047619047619047
colt,0,3,0.74603174603174605
colt,0,4,0.70078740157480313
colt,0,5,0.73809523809523814
colt,0,6,0.75396825396825395
colt,0,7,0.74603174603174605
colt,0,8,0.76190476190476186
colt,0,9,0.7142857142857143
colt,1,0,0.69047619047619047
colt,1,1,0.76190476190476186
colt,1,2,0.76984126984126988
colt,1,3,0.73015873015873012
colt,1,4,0.69291338582677164
colt,1,5,0.7142857142857143
colt,1,6,0.7857142857142857
colt,1,7,0.76984126984126988
colt,1,8,0.7857142857142857
colt,1,9,0.7142857142857143
colt,2,0,0.75396825396825395
colt,2,1,0.76984126984126988
colt,2,2,0.77777777777777779
colt,2,3,0.72222222222222221
colt,2,4,0.70866141732283461
colt,2,5,0.74603174603174605
colt,2,6,0.75396825396825395
colt,2,7,0.73809523809523814
colt,2,8,0.75396825396825395
colt,2,9,0.69841269841269837
colt,3,0,0.76190476190476186
colt,3,1,0.74603174603174605
colt,3,2,0.73015873015873012
colt,3,3,0.80158730158730163
colt,3,4,0.66141732283464572
colt,3,5,0.73015873015873012
colt,3,6,0.76984126984126988
colt,3,7,0.76190476190476186
colt,3,8,0.74603174603174605
colt,3,9,0.73809523809523814
colt,4,0,0.75396825396825395
colt,4,1,0.77777777777777779
colt,4,2,0.7142857142857143
colt,4,3,0.73015873015873012
colt,4,4,0.67716535433070868
colt,4,5,0.73015873015873012
colt,4,6,0.69047619047619047
colt,4,7,0.74603174603174605
colt,4,8,0.76190476190476186
colt,4,9,0.79365079365079361
colt,5,0,0.79365079365079361
colt,5,1,0.73809523809523814
colt,5,2,0.7142857142857143
colt,5,3,0.69047619047619047
colt,5,4,0.70866141732283461
colt,5,5,0.80952380952380953
colt,5,6,0.73015873015873012
colt,5,7,0.77777777777777779
colt,5,8,0.75396825396825395
colt,5,9,0.7142857142857143
colt,6,0,0.72222222222222221
colt,6,1,0.75396825396825395
colt,6,2,0.77777777777777779
colt,6,3,0.74603174603174605
colt,6,4,0.71653543307086609
colt,6,5,0.73015873015873012
colt,6,6,0.74603174603174605
colt,6,7,0.73015873015873012
colt,6,8,0.76984126984126988
colt,6,9,0.73809523809523814
colt,7,0,0.70634920634920639
colt,7,1,0.74603174603174605
colt,7,2,0.7857142857142857
colt,7,3,0.74603174603174605
colt,7,4,0.74015748031496065
colt,7,5,0.74603174603174605
colt,7,6,0.70634920634920639
colt,7,7,0.74603174603174605
colt,7,8,0.7142857142857143
colt,7,9,0.74603174603174605
colt,8,0,0.7857142857142857
colt,8,1,0.70634920634920639
colt,8,2,0.72222222222222221
colt,8,3,0.75396825396825395
colt,8,4,0.74015748031496065
colt,8,5,0.73015873015873012
colt,8,6,0.75396825396825395
colt,8,7,0.74603174603174605
colt,8,8,0.73809523809523814
colt,8,9,0.73015873015873012
colt,9,0,0.80158730158730163
colt,9,1,0.77777777777777779
colt,9,2,0.76190476190476186
colt,9,3,0.70634920634920639
colt,9,4,0.71653543307086609
colt,9,5,0.70634920634920639
colt,9,6,0.7857142857142857
colt,9,7,0.74603174603174605
colt,9,8,0.76190476190476186
colt,9,9,0.72222222222222221
colt,10,0,0.74603174603174605
colt,10,1,0.75396825396825395
colt,10,2,0.72222222222222221
colt,10,3,0.76190476190476186
colt,10,4,0.77165354330708658
colt,10,5,0.7142857142857143
colt,10,6,0.75396825396825395
colt,10,7,0.79365079365079361
colt,10,8,0.7142857142857143
colt,10,9,0.74603174603174605
colt,11,0,0.7142857142857143
colt,11,1,0.70634920634920639
colt,11,2,0.79365079365079361
colt,11,3,0.76190476190476186
colt,11,4,0.79527559055118113
colt,11,5,0.76190476190476186
colt,11,6,0.67460317460317465
colt,11,7,0.69841269841269837
colt,11,8,0.77777777777777779
colt,11,9,0.75396825396825395
colt,12,0,0.81746031746031744
colt,12,1,0.74603174603174605
colt,12,2,0.7142857142857143
colt,12,3,0.7142857142857143
colt,12,4,0.78740157480314965
colt,12,5,0.70634920634920639
colt,12,6,0.69841269841269837
colt,12,7,0.80158730158730163
colt,12,8,0.7142857142857143
colt,12,9,0.73015873015873012
colt,13,0,0.74603174603174605
colt,13,1,0.73015873015873012
colt,13,2,0.72222222222222221
colt,13,3,0.75396825396825395
colt,13,4,0.72440944881889768
colt,13,5,0.73015873015873012
colt,13,6,0.73809523809523814
colt,13,7,0.76984126984126988
colt,13,8,0.72222222222222221
colt,13,9,0.73809523809523814
colt,14,0,0.75396825396825395
colt,14,1,0.73809523809523814
colt,14,2,0.72222222222222221
colt,14,3,0.7857142857142857
colt,14,4,0.74015748031496065
colt,14,5,0.76984126984126988
colt,14,6,0.76190476190476186
colt,14,7,0.76190476190476186
colt,14,8,0.7857142857142857
colt,14,9,0.68253968253968256
colt,15,0,0.72222222222222221
colt,15,1,0.75396825396825395
colt,15,2,0.74603174603174605
colt,15,3,0.75396825396825395
colt,15,4,0.77952755905511806
colt,15,5,0.68253968253968256
colt,15,6,0.76190476190476186
colt,15,7,0.74603174603174605
colt,15,8,0.72222222222222221
colt,15,9,0.68253968253968256
colt,16,0,0.76984126984126988
colt,16,1,0.73809523809523814
colt,16,2,0.73809523809523814
colt,16,3,0.76190476190476186
colt,16,4,0.77952755905511806
colt,16,5,0.67460317460317465
colt,16,6,0.76984126984126988
colt,16,7,0.77777777777777779
colt,16,8,0.65873015873015872
colt,16,9,0.73809523809523814
colt,17,0,0.81746031746031744
colt,17,1,0.73809523809523814
colt,17,2,0.73015873015873012
colt,17,3,0.76190476190476186
colt,17,4,0.69291338582677164
colt,17,5,0.7857142857142857
colt,17,6,0.75396825396825395
colt,17,7,0.70634920634920639
colt,17,8,0.74603174603174605
colt,17,9,0.76190476190476186
colt,18,0,0.66666666666666663
colt,18,1,0.75396825396825395
colt,18,2,0.73015873015873012
colt,18,3,0.80158730158730163
colt,18,4,0.74015748031496065
colt,18,5,0.65079365079365081
colt,18,6,0.79365079365079361
colt,18,7,0.76984126984126988
colt,18,8,0.82539682539682535
colt,18,9,0.76984126984126988
colt,19,0,0.74603174603174605
colt,19,1,0.77777777777777779
colt,19,2,0.73809523809523814
colt,19,3,0.74603174603174605
colt,19,4,0.77165354330708658
colt,19,5,0.69841269841269837
colt,19,6,0.73015873015873012
colt,19,7,0.72222222222222221
colt,19,8,0.73809523809523814
colt,19,9,0.76984126984126988
colt,20,0,0.74603174603174605
colt,20,1,0.73809523809523814
colt,20,2,0.75396825396825395
colt,20,3,0.74603174603174605
colt,20,4,0.76377952755905509
colt,20,5,0.75396825396825395
colt,20,6,0.74603174603174605
colt,20,7,0.73809523809523814
colt,20,8,0.72222222222222221
colt,20,9,0.73809523809523814
colt,21,0,0.69047619047619047
colt,21,1,0.74603174603174605
colt,21,2,0.74603174603174605
colt,21,3,0.7142857142857143
colt,21,4,0.75590551181102361
colt,21,5,0.7142857142857143
colt,21,6,0.75396825396825395
colt,21,7,0.72222222222222221
colt,21,8,0.76190476190476186
colt,21,9,0.80158730158730163
colt,22,0,0.76190476190476186
colt,22,1,0.76984126984126988
colt,22,2,0.76190476190476186
colt,22,3,0.73809523809523814
colt,22,4,0.72440944881889768
colt,22,5,0.73015873015873012
colt,22,6,0.68253968253968256
colt,22,7,0.76984126984126988
colt,22,8,0.76984126984126988
colt,22,9,0.72222222222222221
colt,23,0,0.69841269841269837
colt,23,1,0.69047619047619047
colt,23,2,0.77777777777777779
colt,23,3,0.79365079365079361
colt,23,4,0.77165354330708658
colt,23,5,0.73015873015873012
colt,23,6,0.76984126984126988
colt,23,7,0.73015873015873012
colt,23,8,0.74603174603174605
colt,23,9,0.73015873015873012
colt,24,0,0.72222222222222221
colt,24,1,0.79365079365079361
colt,24,2,0.77777777777777779
colt,24,3,0.77777777777777779
colt,24,4,0.68503937007874016
colt,24,5,0.69047619047619047
colt,24,6,0.77777777777777779
colt,24,7,0.76984126984126988
colt,24,8,0.7142857142857143
colt,24,9,0.74603174603174605
fisher1,0,0,0.79363714531384355
fisher1,0,1,0.78865979381443296
fisher1,0,2,0.78847807394668956
fisher1,0,3,0.79725085910652926
fisher1,0,4,0.7867583834909716
fisher1,0,5,0.79793637145313845
fisher1,0,6,0.78780068728522334
fisher1,0,7,0.79621668099742049
fisher1,0,8,0.80240549828178698
fisher1,0,9,0.80567497850386927
fisher1,1,0,0.78933791917454854
fisher1,1,1,0.79982817869415812
fisher1,1,2,0.80739466895958723
fisher1,1,3,0.79295532646048106
fisher1,1,4,0.7867583834909716
fisher1,1,5,0.77042132416165088
fisher1,1,6,0.78694158075601373
fisher1,1,7,0.8091143594153053
fisher1,1,8,0.79639175257731953
fisher1,1,9,0.80997420464316428
fisher1,2,0,0.80223559759243335
fisher1,2,1,0.79123711340206182
fisher1,2,2,0.78417884780739466
fisher1,2,3,0.80240549828178698
fisher1,2,4,0.80223559759243335
fisher1,2,5,0.80137575236457437
fisher1,2,6,0.8127147766323024
fisher1,2,7,0.78933791917454854
fisher1,2,8,0.79209621993127144
fisher1,2,9,0.77815993121238181
fisher1,3,0,0.80739466895958723
fisher1,3,1,0.77147766323024058
fisher1,3,2,0.80051590713671539
fisher1,3,3,0.79123711340206182
fisher1,3,4,0.79879621668099743
fisher1,3,5,0.79879621668099743
fisher1,3,6,0.79553264604810991
fisher1,3,7,0.80997420464316428
fisher1,3,8,0.80412371134020622
fisher1,3,9,0.78159931212381772
fisher1,4,0,0.7824591573516767
fisher1,4,1,0.79123711340206182
fisher1,4,2,0.79621668099742049
fisher1,4,3,0.79725085910652926
fisher1,4,4,0.79019776440240752
fisher1,4,5,0.7824591573516767
fisher1,4,6,0.7903780068728522
fisher1,4,7,0.80653482373172825
fisher1,4,8,0.80154639175257736
fisher1,4,9,0.80567497850386927
fisher1,5,0,0.78073946689595874
fisher1,5,1,0.8032646048109966
fisher1,5,2,0.80567497850386927
fisher1,5,3,0.80670103092783507
fisher1,5,4,0.75150472914875321
fisher1,5,5,0.79793637145313845
fisher1,5,6,0.79295532646048106
fisher1,5,7,0.79793637145313845
fisher1,5,8,0.79639175257731953
fisher1,5,9,0.80051590713671539
fisher1,6,0,0.81169389509888223
fisher1,6,1,0.78178694158075601
fisher1,6,2,0.78589853826311262
fisher1,6,3,0.78436426116838487
fisher1,6,4,0.79879621668099743
fisher1,6,5,0.78761822871883058
fisher1,6,6,0.79209621993127144
fisher1,6,7,0.79707652622527947
fisher1,6,8,0.79381443298969068
fisher1,6,9,0.81427343078245917
fisher1,7,0,0.77558039552880487
fisher1,7,1,0.7989690721649485
fisher1,7,2,0.77558039552880487
fisher1,7,3,0.78006872852233677
fisher1,7,4,0.80051590713671539
fisher1,7,5,0.7824591573516767
fisher1,7,6,0.80927835051546393
fisher1,7,7,0.8082545141874462
fisher1,7,8,0.7946735395189003
fisher1,7,9,0.80223559759243335
fisher1,8,0,0.77901977644024079
fisher1,8,1,0.79810996563573888
fisher1,8,2,0.79191745485812559
fisher1,8,3,0.77577319587628868
fisher1,8,4,0.78417884780739466
fisher1,8,5,0.81083404987102325
fisher1,8,6,0.78865979381443296
fisher1,8,7,0.81427343078245917
fisher1,8,8,0.79381443298969068
fisher1,8,9,0.78503869303525364
fisher1,9,0,0.80739466895958723
fisher1,9,1,0.79295532646048106
fisher1,9,2,0.79707652622527947
fisher1,9,3,0.78350515463917525
fisher1,9,4,0.80567497850386927
fisher1,9,5,0.78589853826311262
fisher1,9,6,0.78092783505154639
fisher1,9,7,0.7910576096302665
fisher1,9,8,0.80412371134020622
fisher1,9,9,0.80223559759243335
fisher1,10,0,0.7867583834909716
fisher1,10,1,0.8170103092783505
fisher1,10,2,0.79793637145313845
fisher1,10,3,0.78264604810996563
fisher1,10,4,0.80223559759243335
fisher1,10,5,0.79621668099742049
fisher1,10,6,0.79725085910652926
fisher1,10,7,0.78073946689595874
fisher1,10,8,0.78951890034364258
fisher1,10,9,0.79621668099742049
fisher1,11,0,0.81255374032674121
fisher1,11,1,0.79553264604810991
fisher1,11,2,0.8091143594153053
fisher1,11,3,0.79381443298969068
fisher1,11,4,0.77987962166809977
fisher1,11,5,0.7910576096302665
fisher1,11,6,0.79553264604810991
fisher1,11,7,0.78331900257953568
fisher1,11,8,0.79295532646048106
fisher1,11,9,0.78503869303525364
fisher1,12,0,0.78933791917454854
fisher1,12,1,0.7989690721649485
fisher1,12,2,0.78073946689595874
fisher1,12,3,0.7989690721649485
fisher1,12,4,0.80481513327601029
fisher1,12,5,0.78933791917454854
fisher1,12,6,0.7903780068728522
fisher1,12,7,0.79621668099742049
fisher1,12,8,0.79381443298969068
fisher1,12,9,0.79363714531384355
fisher1,13,0,0.80395528804815131
fisher1,13,1,0.81786941580756012
fisher1,13,2,0.79363714531384355
fisher1,13,3,0.77835051546391754
fisher1,13,4,0.80051590713671539
fisher1,13,5,0.79363714531384355
fisher1,13,6,0.78436426116838487
fisher1,13,7,0.79191745485812559
fisher1,13,8,0.79209621993127144
fisher1,13,9,0.78417884780739466
fisher1,14,0,0.81513327601031815
fisher1,14,1,0.77577319587628868
fisher1,14,2,0.79019776440240752
fisher1,14,3,0.79725085910652926
fisher1,14,4,0.80137575236457437
fisher1,14,5,0.79191745485812559
fisher1,14,6,0.78951890034364258
fisher1,14,7,0.79793637145313845
fisher1,14,8,0.78865979381443296
fisher1,14,9,0.78589853826311262
fisher1,15,0,0.80051590713671539
fisher1,15,1,0.80670103092783507
fisher1,15,2,0.77987962166809977
fisher1,15,3,0.78951890034364258
fisher1,15,4,0.79277730008598457
fisher1,15,5,0.79449699054170253
fisher1,15,6,0.79381443298969068
fisher1,15,7,0.80653482373172825
fisher1,15,8,0.78865979381443296
fisher1,15,9,0.78847807394668956
fisher1,16,0,0.80051590713671539
fisher1,16,1,0.79725085910652926
fisher1,16,2,0.78331900257953568
fisher1,16,3,0.79381443298969068
fisher1,16,4,0.75838349097162516
fisher1,16,5,0.79879621668099743
fisher1,16,6,0.8032646048109966
fisher1,16,7,0.79019776440240752
fisher1,16,8,0.82130584192439859
fisher1,16,9,0.78933791917454854
fisher1,17,0,0.78761822871883058
fisher1,17,1,0.77491408934707906
fisher1,17,2,0.78761822871883058
fisher1,17,3,0.81443298969072164
fisher1,17,4,0.80481513327601029
fisher1,17,5,0.78589853826311262
fisher1,17,6,0.78092783505154639
fisher1,17,7,0.80309544282029233
fisher1,17,8,0.79639175257731953
fisher1,17,9,0.79879621668099743
fisher1,18,0,0.7824591573516767
fisher1,18,1,0.80412371134020622
fisher1,18,2,0.80137575236457437
fisher1,18,3,0.81615120274914088
fisher1,18,4,0.79535683576956151
fisher1,18,5,0.80223559759243335
fisher1,18,6,0.78006872852233677
fisher1,18,7,0.80223559759243335
fisher1,18,8,0.78694158075601373
fisher1,18,9,0.76784178847807394
fisher1,19,0,0.81771281169389509
fisher1,19,1,0.7637457044673539
fisher1,19,2,0.80051590713671539
fisher1,19,3,0.79123711340206182
fisher1,19,4,0.78159931212381772
fisher1,19,5,0.81857265692175407
fisher1,19,6,0.79725085910652926
fisher1,19,7,0.78159931212381772
fisher1,19,8,0.81615120274914088
fisher1,19,9,0.80137575236457437
fisher1,20,0,0.81341358555460019
fisher1,20,1,0.8170103092783505
fisher1,20,2,0.79707652622527947
fisher1,20,3,0.78436426116838487
fisher1,20,4,0.79965606190885641
fisher1,20,5,0.78933791917454854
fisher1,20,6,0.76116838487972505
fisher1,20,7,0.79363714531384355
fisher1,20,8,0.7766323024054983
fisher1,20,9,0.79535683576956151
fisher1,21,0,0.80137575236457437
fisher1,21,1,0.7989690721649485
fisher1,21,2,0.7824591573516767
fisher1,21,3,0.80670103092783507
fisher1,21,4,0.77214101461736884
fisher1,21,5,0.79707652622527947
fisher1,21,6,0.80498281786941583
fisher1,21,7,0.78503869303525364
fisher1,21,8,0.80927835051546393
fisher1,21,9,0.77815993121238181
fisher1,22,0,0.80309544282029233
fisher1,22,1,0.78178694158075601
fisher1,22,2,0.7867583834909716
fisher1,22,3,0.79123711340206182
fisher1,22,4,0.80997420464316428
fisher1,22,5,0.78589853826311262
fisher1,22,6,0.80841924398625431
fisher1,22,7,0.78847807394668956
fisher1,22,8,0.7766323024054983
fisher1,22,9,0.78933791917454854
fisher1,23,0,0.78589853826311262
fisher1,23,1,0.80584192439862545
fisher1,23,2,0.7910576096302665
fisher1,23,3,0.76890034364261173
fisher1,23,4,0.80051590713671539
fisher1,23,5,0.81169389509888223
fisher1,23,6,0.80240549828178698
fisher1,23,7,0.81083404987102325
fisher1,23,8,0.77577319587628868
fisher1,23,9,0.78503869303525364
fisher1,24,0,0.81599312123817713
fisher1,24,1,0.79295532646048106
fisher1,24,2,0.76354256233877904
fisher1,24,3,0.7946735395189003
fisher1,24,4,0.78933791917454854
fisher1,24,5,0.78761822871883058
fisher1,24,6,0.81443298969072164
fisher1,24,7,0.80395528804815131
fisher1,24,8,0.7946735395189003
fisher1,24,9,0.80395528804815131
wellington,0,0,0.72463768115942029
wellington,0,1,0.77142857142857146
wellington,0,2,0.72463768115942029
wellington,0,3,0.73913043478260865
wellington,0,4,0.75714285714285712
wellington,0,5,0.78260869565217395
wellington,0,6,0.79710144927536231
wellington,0,7,0.85507246376811596
wellington,0,8,0.80000000000000004
wellington,0,9,0.69565217391304346
wellington,1,0,0.78260869565217395
wellington,1,1,0.80000000000000004
wellington,1,2,0.71014492753623193
wellington,1,3,0.76811594202898548
wellington,1,4,0.7857142857142857
wellington,1,5,0.81159420289855078
wellington,1,6,0.84057971014492749
wellington,1,7,0.75362318840579712
wellington,1,8,0.72857142857142854
wellington,1,9,0.75362318840579712
wellington,2,0,0.84057971014492749
wellington,2,1,0.74285714285714288
wellington,2,2,0.71014492753623193
wellington,2,3,0.76811594202898548
wellington,2,4,0.82857142857142863
wellington,2,5,0.73913043478260865
wellington,2,6,0.78260869565217395
wellington,2,7,0.78260869565217395
wellington,2,8,0.8571428571428571
wellington,2,9,0.71014492753623193
wellington,3,0,0.82608695652173914
wellington,3,1,0.77142857142857146
wellington,3,2,0.79710144927536231
wellington,3,3,0.81159420289855078
wellington,3,4,0.69999999999999996
wellington,3,5,0.76811594202898548
wellington,3,6,0.73913043478260865
wellington,3,7,0.82608695652173914
wellington,3,8,0.75714285714285712
wellington,3,9,0.71014492753623193
wellington,4,0,0.75362318840579712
wellington,4,1,0.72857142857142854
wellington,4,2,0.84057971014492749
wellington,4,3,0.81159420289855078
wellington,4,4,0.72857142857142854
wellington,4,5,0.72463768115942029
wellington,4,6,0.85507246376811596
wellington,4,7,0.82608695652173914
wellington,4,8,0.81428571428571428
wellington,4,9,0.73913043478260865
wellington,5,0,0.66666666666666663
wellington,5,1,0.84285714285714286
wellington,5,2,0.76811594202898548
wellington,5,3,0.73913043478260865
wellington,5,4,0.74285714285714288
wellington,5,5,0.89855072463768115
wellington,5,6,0.78260869565217395
wellington,5,7,0.75362318840579712
wellington,5,8,0.7142857142857143
wellington,5,9,0.75362318840579712
wellington,6,0,0.71014492753623193
wellington,6,1,0.82857142857142863
wellington,6,2,0.65217391304347827
wellington,6,3,0.79710144927536231
wellington,6,4,0.84285714285714286
wellington,6,5,0.72463768115942029
wellington,6,6,0.79710144927536231
wellington,6,7,0.76811594202898548
wellington,6,8,0.7857142857142857
wellington,6,9,0.79710144927536231
wellington,7,0,0.72463768115942029
wellington,7,1,0.74285714285714288
wellington,7,2,0.79710144927536231
wellington,7,3,0.75362318840579712
wellington,7,4,0.81428571428571428
wellington,7,5,0.75362318840579712
wellington,7,6,0.86956521739130432
wellington,7,7,0.84057971014492749
wellington,7,8,0.75714285714285712
wellington,7,9,0.72463768115942029
wellington,8,0,0.82608695652173914
wellington,8,1,0.7857142857142857
wellington,8,2,0.76811594202898548
wellington,8,3,0.72463768115942029
wellington,8,4,0.77142857142857146
wellington,8,5,0.84057971014492749
wellington,8,6,0.75362318840579712
wellington,8,7,0.82608695652173914
wellington,8,8,0.77142857142857146
wellington,8,9,0.79710144927536231
wellington,9,0,0.81159420289855078
wellington,9,1,0.7857142857142857
wellington,9,2,0.76811594202898548
wellington,9,3,0.78260869565217395
wellington,9,4,0.72857142857142854
wellington,9,5,0.76811594202898548
wellington,9,6,0.79710144927536231
wellington,9,7,0.76811594202898548
wellington,9,8,0.80000000000000004
wellington,9,9,0.75362318840579712
wellington,10,0,0.81159420289855078
wellington,10,1,0.80000000000000004
wellington,10,2,0.73913043478260865
wellington,10,3,0.76811594202898548
wellington,10,4,0.84285714285714286
wellington,10,5,0.69565217391304346
wellington,10,6,0.84057971014492749
wellington,10,7,0.75362318840579712
wellington,10,8,0.77142857142857146
wellington,10,9,0.81159420289855078
wellington,11,0,0.81159420289855078
wellington,11,1,0.7857142857142857
wellington,11,2,0.88405797101449279
wellington,11,3,0.72463768115942029
wellington,11,4,0.80000000000000004
wellington,11,5,0.75362318840579712
wellington,11,6,0.71014492753623193
wellington,11,7,0.69565217391304346
wellington,11,8,0.74285714285714288
wellington,11,9,0.76811594202898548
wellington,12,0,0.76811594202898548
wellington,12,1,0.77142857142857146
wellington,12,2,0.78260869565217395
wellington,12,3,0.72463768115942029
wellington,12,4,0.84285714285714286
wellington,12,5,0.73913043478260865
wellington,12,6,0.73913043478260865
wellington,12,7,0.71014492753623193
wellington,12,8,0.77142857142857146
wellington,12,9,0.81159420289855078
wellington,13,0,0.75362318840579712
wellington,13,1,0.67142857142857137
wellington,13,2,0.75362318840579712
wellington,13,3,0.79710144927536231
wellington,13,4,0.8571428571428571
wellington,13,5,0.88405797101449279
wellington,13,6,0.72463768115942029
wellington,13,7,0.73913043478260865
wellington,13,8,0.74285714285714288
wellington,13,9,0.82608695652173914
wellington,14,0,0.69565217391304346
wellington,14,1,0.80000000000000004
wellington,14,2,0.81159420289855078
wellington,14,3,0.78260869565217395
wellington,14,4,0.75714285714285712
wellington,14,5,0.88405797101449279
wellington,14,6,0.76811594202898548
wellington,14,7,0.78260869565217395
wellington,14,8,0.80000000000000004
wellington,14,9,0.72463768115942029
wellington,15,0,0.79710144927536231
wellington,15,1,0.7857142857142857
wellington,15,2,0.88405797101449279
wellington,15,3,0.76811594202898548
wellington,15,4,0.74285714285714288
wellington,15,5,0.75362318840579712
wellington,15,6,0.82608695652173914
wellington,15,7,0.73913043478260865
wellington,15,8,0.69999999999999996
wellington,15,9,0.81159420289855078
wellington,16,0,0.72463768115942029
wellington,16,1,0.81428571428571428
wellington,16,2,0.79710144927536231
wellington,16,3,0.84057971014492749
wellington,16,4,0.75714285714285712
wellington,16,5,0.71014492753623193
wellington,16,6,0.73913043478260865
wellington,16,7,0.78260869565217395
wellington,16,8,0.80000000000000004
wellington,16,9,0.84057971014492749
wellington,17,0,0.78260869565217395
wellington,17,1,0.7857142857142857
wellington,17,2,0.75362318840579712
wellington,17,3,0.84057971014492749
wellington,17,4,0.81428571428571428
wellington,17,5,0.76811594202898548
wellington,17,6,0.6811594202898551
wellington,17,7,0.73913043478260865
wellington,17,8,0.81428571428571428
wellington,17,9,0.82608695652173914
wellington,18,0,0.6811594202898551
wellington,18,1,0.82857142857142863
wellington,18,2,0.85507246376811596
wellington,18,3,0.82608695652173914
wellington,18,4,0.69999999999999996
wellington,18,5,0.81159420289855078
wellington,18,6,0.81159420289855078
wellington,18,7,0.73913043478260865
wellington,18,8,0.82857142857142863
wellington,18,9,0.71014492753623193
wellington,19,0,0.81159420289855078
wellington,19,1,0.8571428571428571
wellington,19,2,0.84057971014492749
wellington,19,3,0.81159420289855078
wellington,19,4,0.82857142857142863
wellington,19,5,0.66666666666666663
wellington,19,6,0.81159420289855078
wellington,19,7,0.73913043478260865
wellington,19,8,0.7142857142857143
wellington,19,9,0.66666666666666663
wellington,20,0,0.78260869565217395
wellington,20,1,0.84285714285714286
wellington,20,2,0.79710144927536231
wellington,20,3,0.82608695652173914
wellington,20,4,0.7857142857142857
wellington,20,5,0.78260869565217395
wellington,20,6,0.78260869565217395
wellington,20,7,0.75362318840579712
wellington,20,8,0.75714285714285712
wellington,20,9,0.73913043478260865
wellington,21,0,0.79710144927536231
wellington,21,1,0.80000000000000004
wellington,21,2,0.71014492753623193
wellington,21,3,0.75362318840579712
wellington,21,4,0.75714285714285712
wellington,21,5,0.79710144927536231
wellington,21,6,0.76811594202898548
wellington,21,7,0.75362318840579712
wellington,21,8,0.87142857142857144
wellington,21,9,0.72463768115942029
wellington,22,0,0.73913043478260865
wellington,22,1,0.69999999999999996
wellington,22,2,0.81159420289855078
wellington,22,3,0.84057971014492749
wellington,22,4,0.69999999999999996
wellington,22,5,0.76811594202898548
wellington,22,6,0.76811594202898548
wellington,22,7,0.79710144927536231
wellington,22,8,0.80000000000000004
wellington,22,9,0.85507246376811596
wellington,23,0,0.86956521739130432
wellington,23,1,0.72857142857142854
wellington,23,2,0.79710144927536231
wellington,23,3,0.78260869565217395
wellington,23,4,0.84285714285714286
wellington,23,5,0.72463768115942029
wellington,23,6,0.73913043478260865
wellington,23,7,0.75362318840579712
wellington,23,8,0.77142857142857146
wellington,23,9,0.72463768115942029
wellington,24,0,0.72463768115942029
wellington,24,1,0.7857142857142857
wellington,24,2,0.71014492753623193
wellington,24,3,0.82608695652173914
wellington,24,4,0.7857142857142857
wellington,24,5,0.71014492753623193
wellington,24,6,0.79710144927536231
wellington,24,7,0.81159420289855078
wellington,24,8,0.7857142857142857
wellington,24,9,0.82608695652173914
all_together,0,0,0.73498817966903074
all_together,0,1,0.74391109009222034
all_together,0,2,0.73026004728132388
all_together,0,3,0.73374320170253016
all_together,0,4,0.7295508274231679
all_together,0,5,0.73421612674391112
all_together,0,6,0.73167848699763594
all_together,0,7,0.73303381414045876
all_together,0,8,0.74278959810874701
all_together,0,9,0.73137857649562543
all_together,1,0,0.73380614657210397
all_together,1,1,0.72546701347836373
all_together,1,2,0.73073286052009456
all_together,1,3,0.74840387798533936
all_together,1,4,0.74018912529550829
all_together,1,5,0.73610782690943488
all_together,1,6,0.73687943262411348
all_together,1,7,0.73847245211633961
all_together,1,8,0.72765957446808516
all_together,1,9,0.73137857649562543
all_together,2,0,0.73546099290780143
all_together,2,1,0.72759517616457792
all_together,2,2,0.73191489361702122
all_together,2,3,0.73634428943012531
all_together,2,4,0.73593380614657211
all_together,2,5,0.73327027666114919
all_together,2,6,0.73877068557919623
all_together,2,7,0.74036415228186336
all_together,2,8,0.73498817966903074
all_together,2,9,0.731142113974935
all_together,3,0,0.73238770685579191
all_together,3,1,0.7245211633956018
all_together,3,2,0.72671394799054378
all_together,3,3,0.75147789075431548
all_together,3,4,0.74420803782505907
all_together,3,5,0.73492551430598252
all_together,3,6,0.72222222222222221
all_together,3,7,0.74154646488531573
all_together,3,8,0.72978723404255319
all_together,3,9,0.74178292740600615
all_together,4,0,0.74137115839243495
all_together,4,1,0.74367462757152991
all_together,4,2,0.72411347517730495
all_together,4,3,0.73941830219910143
all_together,4,4,0.73049645390070927
all_together,4,5,0.73941830219910143
all_together,4,6,0.72978723404255319
all_together,4,7,0.73941830219910143
all_together,4,8,0.74373522458628838
all_together,4,9,0.72026483802317331
all_together,5,0,0.74208037825059103
all_together,5,1,0.72617640104043513
all_together,5,2,0.73806146572104014
all_together,5,3,0.74107353984393476
all_together,5,4,0.73900709219858152
all_together,5,5,0.73445258926460155
all_together,5,6,0.73427895981087465
all_together,5,7,0.72073776306455428
all_together,5,8,0.73758865248226946
all_together,5,9,0.73870891463703003
all_together,6,0,0.74231678486997632
all_together,6,1,0.73941830219910143
all_together,6,2,0.71134751773049643
all_together,6,3,0.72664932608181598
all_together,6,4,0.73380614657210397
all_together,6,5,0.73445258926460155
all_together,6,6,0.73806146572104014
all_together,6,7,0.7465121778198156
all_together,6,8,0.73664302600472809
all_together,6,9,0.73043272641286361
all_together,7,0,0.73546099290780143
all_together,7,1,0.74320170253014894
all_together,7,2,0.73333333333333328
all_together,7,3,0.73516197682667295
all_together,7,4,0.7262411347517731
all_together,7,5,0.73634428943012531
all_together,7,6,0.73120567375886525
all_together,7,7,0.7377630645542681
all_together,7,8,0.73758865248226946
all_together,7,9,0.73610782690943488
all_together,8,0,0.7465721040189125
all_together,8,1,0.75005911563017258
all_together,8,2,0.73167848699763594
all_together,8,3,0.739181839678411
all_together,8,4,0.72387706855791967
all_together,8,5,0.72593993851974459
all_together,8,6,0.7328605200945626
all_together,8,7,0.73799952707495864
all_together,8,8,0.7260047281323877
all_together,8,9,0.73374320170253016
all_together,9,0,0.73806146572104014
all_together,9,1,0.739181839678411
all_together,9,2,0.74704491725768318
all_together,9,3,0.73256088909907779
all_together,9,4,0.73404255319148937
all_together,9,5,0.72641286356112555
all_together,9,6,0.72695035460992907
all_together,9,7,0.73445258926460155
all_together,9,8,0.7295508274231679
all_together,9,9,0.73681721447150628
all_together,10,0,0.71985815602836878
all_together,10,1,0.72523055095767319
all_together,10,2,0.74893617021276593
all_together,10,3,0.73350673918183973
all_together,10,4,0.75059101654846339
all_together,10,5,0.74131000236462519
all_together,10,6,0.73995271867612289
all_together,10,7,0.731142113974935
all_together,10,8,0.73238770685579191
all_together,10,9,0.73161503901631586
all_together,11,0,0.7293144208037825
all_together,11,1,0.73587136438874434
all_together,11,2,0.72860520094562653
all_together,11,3,0.73752660203357767
all_together,11,4,0.75035460992907799
all_together,11,5,0.72877748876803028
all_together,11,6,0.73806146572104014
all_together,11,7,0.73350673918183973
all_together,11,8,0.72080378250591015
all_together,11,9,0.73729013951288724
all_together,12,0,0.74917257683215133
all_together,12,1,0.73847245211633961
all_together,12,2,0.73356973995271868
all_together,12,3,0.72475762591629223
all_together,12,4,0.72718676122931447
all_together,12,5,0.74154646488531573
all_together,12,6,0.72293144208037829
all_together,12,7,0.73729013951288724
all_together,12,8,0.73262411347517731
all_together,12,9,0.73634428943012531
all_together,13,0,0.73167848699763594
all_together,13,1,0.73516197682667295
all_together,13,2,0.7191489361702128
all_together,13,3,0.74225585244738712
all_together,13,4,0.7328605200945626
all_together,13,5,0.73539843934736349
all_together,13,6,0.73924349881796692
all_together,13,7,0.73658075195081585
all_together,13,8,0.73404255319148937
all_together,13,9,0.74060061480255379
all_together,14,0,0.73711583924349877
all_together,14,1,0.73090565145424446
all_together,14,2,0.74089834515366426
all_together,14,3,0.74532986521636324
all_together,14,4,0.73829787234042554
all_together,14,5,0.73232442657838737
all_together,14,6,0.74468085106382975
all_together,14,7,0.73421612674391112
all_together,14,8,0.72695035460992907
all_together,14,9,0.72121068810593525
all_together,15,0,0.73309692671394799
all_together,15,1,0.731142113974935
all_together,15,2,0.74491725768321515
all_together,15,3,0.73066918893355404
all_together,15,4,0.73829787234042554
all_together,15,5,0.73232442657838737
all_together,15,6,0.73546099290780143
all_together,15,7,0.73468905178529198
all_together,15,8,0.73096926713947985
all_together,15,9,0.73799952707495864
all_together,16,0,0.72387706855791967
all_together,16,1,0.731142113974935
all_together,16,2,0.72860520094562653
all_together,16,3,0.72617640104043513
all_together,16,4,0.75200945626477544
all_together,16,5,0.7297233388507921
all_together,16,6,0.74302600472813241
all_together,16,7,0.74627571529912506
all_together,16,8,0.72836879432624113
all_together,16,9,0.74107353984393476
all_together,17,0,0.74231678486997632
all_together,17,1,0.74438401513360131
all_together,17,2,0.73829787234042554
all_together,17,3,0.73208796405769683
all_together,17,4,0.7226950354609929
all_together,17,5,0.72026483802317331
all_together,17,6,0.7394799054373522
all_together,17,7,0.73941830219910143
all_together,17,8,0.73924349881796692
all_together,17,9,0.72404823835422083
all_together,18,0,0.73900709219858152
all_together,18,1,0.73587136438874434
all_together,18,2,0.73687943262411348
all_together,18,3,0.72073776306455428
all_together,18,4,0.72836879432624113
all_together,18,5,0.73539843934736349
all_together,18,6,0.74444444444444446
all_together,18,7,0.73208796405769683
all_together,18,8,0.73333333333333328
all_together,18,9,0.73658075195081585
all_together,19,0,0.73924349881796692
all_together,19,1,0.74367462757152991
all_together,19,2,0.73356973995271868
all_together,19,3,0.72357531331283986
all_together,19,4,0.73806146572104014
all_together,19,5,0.73066918893355404
all_together,19,6,0.73167848699763594
all_together,19,7,0.74438401513360131
all_together,19,8,0.73900709219858152
all_together,19,9,0.72310238827145901
all_together,20,0,0.73498817966903074
all_together,20,1,0.72783163868526835
all_together,20,2,0.74066193853427897
all_together,20,3,0.73421612674391112
all_together,20,4,0.72813238770685584
all_together,20,5,0.73539843934736349
all_together,20,6,0.74562647754137112
all_together,20,7,0.72688578860250652
all_together,20,8,0.73026004728132388
all_together,20,9,0.73823598959564907
all_together,21,0,0.72505910165484633
all_together,21,1,0.73256088909907779
all_together,21,2,0.73049645390070927
all_together,21,3,0.73658075195081585
all_together,21,4,0.73664302600472809
all_together,21,5,0.74225585244738712
all_together,21,6,0.7328605200945626
all_together,21,7,0.7398912272404824
all_together,21,8,0.73758865248226946
all_together,21,9,0.73823598959564907
all_together,22,0,0.73664302600472809
all_together,22,1,0.73445258926460155
all_together,22,2,0.73096926713947985
all_together,22,3,0.7398912272404824
all_together,22,4,0.73498817966903074
all_together,22,5,0.74036415228186336
all_together,22,6,0.74184397163120563
all_together,22,7,0.72664932608181598
all_together,22,8,0.74326241134751769
all_together,22,9,0.72854102624733985
all_together,23,0,0.72174940898345152
all_together,23,1,0.73516197682667295
all_together,23,2,0.73191489361702122
all_together,23,3,0.74532986521636324
all_together,23,4,0.72293144208037829
all_together,23,5,0.73965476471979197
all_together,23,6,0.74066193853427897
all_together,23,7,0.73563490186805391
all_together,23,8,0.74373522458628838
all_together,23,9,0.73279735161976822
all_together,24,0,0.73806146572104014
all_together,24,1,0.7318515015370064
all_together,24,2,0.74444444444444446
all_together,24,3,0.72806810120595888
all_together,24,4,0.72884160756501182
all_together,24,5,0.73587136438874434
all_together,24,6,0.74468085106382975
all_together,24,7,0.73468905178529198
all_together,24,8,0.72836879432624113
all_together,24,9,0.73421612674391112
santabarbara,0,0,0.52380952380952384
santabarbara,0,1,0.68181818181818177
santabarbara,0,2,0.38095238095238093
santabarbara,0,3,0.68181818181818177
santabarbara,0,4,0.61904761904761907
santabarbara,0,5,0.61904761904761907
santabarbara,0,6,0.63636363636363635
santabarbara,0,7,0.76190476190476186
santabarbara,0,8,0.63636363636363635
santabarbara,0,9,0.76190476190476186
santabarbara,1,0,0.80952380952380953
santabarbara,1,1,0.77272727272727271
santabarbara,1,2,0.52380952380952384
santabarbara,1,3,0.59090909090909094
santabarbara,1,4,0.80952380952380953
santabarbara,1,5,0.76190476190476186
santabarbara,1,6,0.5
santabarbara,1,7,0.7142857142857143
santabarbara,1,8,0.45454545454545453
santabarbara,1,9,0.61904761904761907
santabarbara,2,0,0.7142857142857143
santabarbara,2,1,0.72727272727272729
santabarbara,2,2,0.5714285714285714
santabarbara,2,3,0.63636363636363635
santabarbara,2,4,0.52380952380952384
santabarbara,2,5,0.7142857142857143
santabarbara,2,6,0.63636363636363635
santabarbara,2,7,0.66666666666666663
santabarbara,2,8,0.68181818181818177
santabarbara,2,9,0.61904761904761907
santabarbara,3,0,0.5714285714285714
santabarbara,3,1,0.68181818181818177
santabarbara,3,2,0.5714285714285714
santabarbara,3,3,0.72727272727272729
santabarbara,3,4,0.80952380952380953
santabarbara,3,5,0.66666666666666663
santabarbara,3,6,0.68181818181818177
santabarbara,3,7,0.5714285714285714
santabarbara,3,8,0.5
santabarbara,3,9,0.52380952380952384
santabarbara,4,0,0.61904761904761907
santabarbara,4,1,0.72727272727272729
santabarbara,4,2,0.66666666666666663
santabarbara,4,3,0.72727272727272729
santabarbara,4,4,0.7142857142857143
santabarbara,4,5,0.52380952380952384
santabarbara,4,6,0.63636363636363635
santabarbara,4,7,0.5714285714285714
santabarbara,4,8,0.54545454545454541
santabarbara,4,9,0.47619047619047616
santabarbara,5,0,0.5714285714285714
santabarbara,5,1,0.72727272727272729
santabarbara,5,2,0.5714285714285714
santabarbara,5,3,0.63636363636363635
santabarbara,5,4,0.66666666666666663
santabarbara,5,5,0.8571428571428571
santabarbara,5,6,0.68181818181818177
santabarbara,5,7,0.5714285714285714
santabarbara,5,8,0.63636363636363635
santabarbara,5,9,0.5714285714285714
santabarbara,6,0,0.76190476190476186
santabarbara,6,1,0.68181818181818177
santabarbara,6,2,0.66666666666666663
santabarbara,6,3,0.63636363636363635
santabarbara,6,4,0.7142857142857143
santabarbara,6,5,0.47619047619047616
santabarbara,6,6,0.68181818181818177
santabarbara,6,7,0.61904761904761907
santabarbara,6,8,0.68181818181818177
santabarbara,6,9,0.66666666666666663
santabarbara,7,0,0.61904761904761907
santabarbara,7,1,0.54545454545454541
santabarbara,7,2,0.7142857142857143
santabarbara,7,3,0.72727272727272729
santabarbara,7,4,0.5714285714285714
santabarbara,7,5,0.7142857142857143
santabarbara,7,6,0.68181818181818177
santabarbara,7,7,0.66666666666666663
santabarbara,7,8,0.68181818181818177
santabarbara,7,9,0.61904761904761907
santabarbara,8,0,0.8571428571428571
santabarbara,8,1,0.54545454545454541
santabarbara,8,2,0.61904761904761907
santabarbara,8,3,0.63636363636363635
santabarbara,8,4,0.5714285714285714
santabarbara,8,5,0.66666666666666663
santabarbara,8,6,0.63636363636363635
santabarbara,8,7,0.5714285714285714
santabarbara,8,8,0.72727272727272729
santabarbara,8,9,0.52380952380952384
santabarbara,9,0,0.66666666666666663
santabarbara,9,1,0.59090909090909094
santabarbara,9,2,0.61904761904761907
santabarbara,9,3,0.59090909090909094
santabarbara,9,4,0.52380952380952384
santabarbara,9,5,0.66666666666666663
santabarbara,9,6,0.54545454545454541
santabarbara,9,7,0.61904761904761907
santabarbara,9,8,0.77272727272727271
santabarbara,9,9,0.76190476190476186
santabarbara,10,0,0.7142857142857143
santabarbara,10,1,0.54545454545454541
santabarbara,10,2,0.80952380952380953
santabarbara,10,3,0.59090909090909094
santabarbara,10,4,0.80952380952380953
santabarbara,10,5,0.61904761904761907
santabarbara,10,6,0.63636363636363635
santabarbara,10,7,0.66666666666666663
santabarbara,10,8,0.68181818181818177
santabarbara,10,9,0.52380952380952384
santabarbara,11,0,0.7142857142857143
santabarbara,11,1,0.72727272727272729
santabarbara,11,2,0.66666666666666663
santabarbara,11,3,0.68181818181818177
santabarbara,11,4,0.61904761904761907
santabarbara,11,5,0.47619047619047616
santabarbara,11,6,0.81818181818181823
santabarbara,11,7,0.5714285714285714
santabarbara,11,8,0.59090909090909094
santabarbara,11,9,0.76190476190476186
santabarbara,12,0,0.61904761904761907
santabarbara,12,1,0.68181818181818177
santabarbara,12,2,0.76190476190476186
santabarbara,12,3,0.68181818181818177
santabarbara,12,4,0.66666666666666663
santabarbara,12,5,0.66666666666666663
santabarbara,12,6,0.77272727272727271
santabarbara,12,7,0.47619047619047616
santabarbara,12,8,0.63636363636363635
santabarbara,12,9,0.5714285714285714
santabarbara,13,0,0.80952380952380953
santabarbara,13,1,0.5
santabarbara,13,2,0.66666666666666663
santabarbara,13,3,0.5
santabarbara,13,4,0.47619047619047616
santabarbara,13,5,0.5714285714285714
santabarbara,13,6,0.77272727272727271
santabarbara,13,7,0.7142857142857143
santabarbara,13,8,0.63636363636363635
santabarbara,13,9,0.8571428571428571
santabarbara,14,0,0.52380952380952384
santabarbara,14,1,0.72727272727272729
santabarbara,14,2,0.61904761904761907
santabarbara,14,3,0.68181818181818177
santabarbara,14,4,0.47619047619047616
santabarbara,14,5,0.7142857142857143
santabarbara,14,6,0.72727272727272729
santabarbara,14,7,0.7142857142857143
santabarbara,14,8,0.5
santabarbara,14,9,0.7142857142857143
santabarbara,15,0,0.47619047619047616
santabarbara,15,1,0.63636363636363635
santabarbara,15,2,0.61904761904761907
santabarbara,15,3,0.68181818181818177
santabarbara,15,4,0.66666666666666663
santabarbara,15,5,0.7142857142857143
santabarbara,15,6,0.81818181818181823
santabarbara,15,7,0.7142857142857143
santabarbara,15,8,0.5
santabarbara,15,9,0.5714285714285714
santabarbara,16,0,0.66666666666666663
santabarbara,16,1,0.63636363636363635
santabarbara,16,2,0.61904761904761907
santabarbara,16,3,0.72727272727272729
santabarbara,16,4,0.66666666666666663
santabarbara,16,5,0.7142857142857143
santabarbara,16,6,0.68181818181818177
santabarbara,16,7,0.47619047619047616
santabarbara,16,8,0.77272727272727271
santabarbara,16,9,0.38095238095238093
santabarbara,17,0,0.61904761904761907
santabarbara,17,1,0.72727272727272729
santabarbara,17,2,0.7142857142857143
santabarbara,17,3,0.77272727272727271
santabarbara,17,4,0.76190476190476186
santabarbara,17,5,0.52380952380952384
santabarbara,17,6,0.68181818181818177
santabarbara,17,7,0.42857142857142855
santabarbara,17,8,0.59090909090909094
santabarbara,17,9,0.66666666666666663
santabarbara,18,0,0.66666666666666663
santabarbara,18,1,0.72727272727272729
santabarbara,18,2,0.5714285714285714
santabarbara,18,3,0.54545454545454541
santabarbara,18,4,0.7142857142857143
santabarbara,18,5,0.66666666666666663
santabarbara,18,6,0.59090909090909094
santabarbara,18,7,0.76190476190476186
santabarbara,18,8,0.45454545454545453
santabarbara,18,9,0.7142857142857143
santabarbara,19,0,0.76190476190476186
santabarbara,19,1,0.68181818181818177
santabarbara,19,2,0.7142857142857143
santabarbara,19,3,0.63636363636363635
santabarbara,19,4,0.66666666666666663
santabarbara,19,5,0.52380952380952384
santabarbara,19,6,0.63636363636363635
santabarbara,19,7,0.5714285714285714
santabarbara,19,8,0.68181818181818177
santabarbara,19,9,0.66666666666666663
santabarbara,20,0,0.66666666666666663
santabarbara,20,1,0.81818181818181823
santabarbara,20,2,0.7142857142857143
santabarbara,20,3,0.5
santabarbara,20,4,0.42857142857142855
santabarbara,20,5,0.61904761904761907
santabarbara,20,6,0.77272727272727271
santabarbara,20,7,0.66666666666666663
santabarbara,20,8,0.59090909090909094
santabarbara,20,9,0.5714285714285714
santabarbara,21,0,0.61904761904761907
santabarbara,21,1,0.5
santabarbara,21,2,0.80952380952380953
santabarbara,21,3,0.81818181818181823
santabarbara,21,4,0.7142857142857143
santabarbara,21,5,0.7142857142857143
santabarbara,21,6,0.54545454545454541
santabarbara,21,7,0.7142857142857143
santabarbara,21,8,0.68181818181818177
santabarbara,21,9,0.61904761904761907
santabarbara,22,0,0.66666666666666663
santabarbara,22,1,0.63636363636363635
santabarbara,22,2,0.47619047619047616
santabarbara,22,3,0.5
santabarbara,22,4,0.61904761904761907
santabarbara,22,5,0.7142857142857143
santabarbara,22,6,0.59090909090909094
santabarbara,22,7,0.76190476190476186
santabarbara,22,8,0.90909090909090906
santabarbara,22,9,0.7142857142857143
santabarbara,23,0,0.61904761904761907
santabarbara,23,1,0.72727272727272729
santabarbara,23,2,0.52380952380952384
santabarbara,23,3,0.72727272727272729
santabarbara,23,4,0.61904761904761907
santabarbara,23,5,0.7142857142857143
santabarbara,23,6,0.54545454545454541
santabarbara,23,7,0.7142857142857143
santabarbara,23,8,0.54545454545454541
santabarbara,23,9,0.52380952380952384
santabarbara,24,0,0.66666666666666663
santabarbara,24,1,0.59090909090909094
santabarbara,24,2,0.61904761904761907
santabarbara,24,3,0.72727272727272729
santabarbara,24,4,0.76190476190476186
santabarbara,24,5,0.66666666666666663
santabarbara,24,6,0.68181818181818177
santabarbara,24,7,0.5714285714285714
santabarbara,24,8,0.5
santabarbara,24,9,0.66666666666666663
switchboard,0,0,0.78688524590163933
switchboard,0,1,0.79260780287474331
switchboard,0,2,0.77459016393442626
switchboard,0,3,0.79055441478439425
switchboard,0,4,0.76434426229508201
switchboard,0,5,0.81557377049180324
switchboard,0,6,0.77002053388090352
switchboard,0,7,0.77663934426229508
switchboard,0,8,0.82135523613963035
switchboard,0,9,0.77663934426229508
switchboard,1,0,0.77049180327868849
switchboard,1,1,0.80287474332648867
switchboard,1,2,0.77868852459016391
switchboard,1,3,0.77823408624229984
switchboard,1,4,0.77254098360655743
switchboard,1,5,0.80942622950819676
switchboard,1,6,0.79876796714579057
switchboard,1,7,0.76434426229508201
switchboard,1,8,0.78439425051334699
switchboard,1,9,0.81147540983606559
switchboard,2,0,0.76434426229508201
switchboard,2,1,0.79466119096509236
switchboard,2,2,0.80942622950819676
switchboard,2,3,0.80287474332648867
switchboard,2,4,0.79098360655737709
switchboard,2,5,0.77254098360655743
switchboard,2,6,0.77823408624229984
switchboard,2,7,0.79098360655737709
switchboard,2,8,0.79466119096509236
switchboard,2,9,0.7848360655737705
switchboard,3,0,0.77663934426229508
switchboard,3,1,0.81314168377823404
switchboard,3,2,0.81762295081967218
switchboard,3,3,0.78644763860369615
switchboard,3,4,0.77663934426229508
switchboard,3,5,0.76229508196721307
switchboard,3,6,0.79466119096509236
switchboard,3,7,0.79098360655737709
switchboard,3,8,0.75975359342915816
switchboard,3,9,0.77868852459016391
switchboard,4,0,0.80122950819672134
switchboard,4,1,0.79260780287474331
switchboard,4,2,0.77868852459016391
switchboard,4,3,0.76386036960985626
switchboard,4,4,0.76229508196721307
switchboard,4,5,0.78893442622950816
switchboard,4,6,0.79260780287474331
switchboard,4,7,0.77663934426229508
switchboard,4,8,0.80698151950718688
switchboard,4,9,0.78688524590163933
switchboard,5,0,0.79098360655737709
switchboard,5,1,0.77618069815195068
switchboard,5,2,0.77459016393442626
switchboard,5,3,0.79055441478439425
switchboard,5,4,0.79713114754098358
switchboard,5,5,0.77459016393442626
switchboard,5,6,0.80903490759753593
switchboard,5,7,0.7848360655737705
switchboard,5,8,0.77002053388090352
switchboard,5,9,0.80532786885245899
switchboard,6,0,0.79303278688524592
switchboard,6,1,0.76180698151950721
switchboard,6,2,0.77868852459016391
switchboard,6,3,0.7885010266940452
switchboard,6,4,0.79098360655737709
switchboard,6,5,0.78893442622950816
switchboard,6,6,0.77618069815195068
switchboard,6,7,0.79918032786885251
switchboard,6,8,0.79876796714579057
switchboard,6,9,0.79098360655737709
switchboard,7,0,0.78893442622950816
switchboard,7,1,0.7268993839835729
switchboard,7,2,0.81147540983606559
switchboard,7,3,0.84188911704312119
switchboard,7,4,0.77459016393442626
switchboard,7,5,0.77868852459016391
switchboard,7,6,0.75154004106776184
switchboard,7,7,0.77254098360655743
switchboard,7,8,0.78439425051334699
switchboard,7,9,0.78688524590163933
switchboard,8,0,0.79713114754098358
switchboard,8,1,0.79876796714579057
switchboard,8,2,0.78073770491803274
switchboard,8,3,0.76796714579055436
switchboard,8,4,0.78073770491803274
switchboard,8,5,0.73975409836065575
switchboard,8,6,0.82340862422997951
switchboard,8,7,0.76024590163934425
switchboard,8,8,0.80492813141683783
switchboard,8,9,0.80737704918032782
switchboard,9,0,0.81147540983606559
switchboard,9,1,0.79055441478439425
switchboard,9,2,0.80327868852459017
switchboard,9,3,0.76796714579055436
switchboard,9,4,0.79713114754098358
switchboard,9,5,0.77459016393442626
switchboard,9,6,0.74332648870636553
switchboard,9,7,0.78073770491803274
switchboard,9,8,0.78028747433264889
switchboard,9,9,0.79918032786885251
switchboard,10,0,0.81557377049180324
switchboard,10,1,0.78028747433264889
switchboard,10,2,0.78893442622950816
switchboard,10,3,0.78644763860369615
switchboard,10,4,0.79098360655737709
switchboard,10,5,0.7848360655737705
switchboard,10,6,0.78439425051334699
switchboard,10,7,0.78893442622950816
switchboard,10,8,0.75154004106776184
switchboard,10,9,0.78688524590163933
switchboard,11,0,0.79303278688524592
switchboard,11,1,0.79466119096509236
switchboard,11,2,0.76434426229508201
switchboard,11,3,0.7885010266940452
switchboard,11,4,0.80737704918032782
switchboard,11,5,0.77663934426229508
switchboard,11,6,0.80082135523613962
switchboard,11,7,0.77254098360655743
switchboard,11,8,0.75564681724845995
switchboard,11,9,0.79713114754098358
switchboard,12,0,0.79303278688524592
switchboard,12,1,0.77823408624229984
switchboard,12,2,0.78073770491803274
switchboard,12,3,0.78644763860369615
switchboard,12,4,0.76434426229508201
switchboard,12,5,0.78688524590163933
switchboard,12,6,0.78644763860369615
switchboard,12,7,0.80532786885245899
switchboard,12,8,0.77207392197125257
switchboard,12,9,0.80122950819672134
switchboard,13,0,0.79098360655737709
switchboard,13,1,0.80082135523613962
switchboard,13,2,0.78688524590163933
switchboard,13,3,0.76386036960985626
switchboard,13,4,0.79713114754098358
switchboard,13,5,0.78893442622950816
switchboard,13,6,0.80287474332648867
switchboard,13,7,0.78893442622950816
switchboard,13,8,0.7885010266940452
switchboard,13,9,0.73360655737704916
switchboard,14,0,0.77049180327868849
switchboard,14,1,0.80287474332648867
switchboard,14,2,0.76639344262295084
switchboard,14,3,0.81314168377823404
switchboard,14,4,0.79303278688524592
switchboard,14,5,0.78688524590163933
switchboard,14,6,0.77002053388090352
switchboard,14,7,0.81557377049180324
switchboard,14,8,0.757700205338809
switchboard,14,9,0.75204918032786883
switchboard,15,0,0.79713114754098358
switchboard,15,1,0.77823408624229984
switchboard,15,2,0.77663934426229508
switchboard,15,3,0.76591375770020531
switchboard,15,4,0.79098360655737709
switchboard,15,5,0.75204918032786883
switchboard,15,6,0.80082135523613962
switchboard,15,7,0.78893442622950816
switchboard,15,8,0.79876796714579057
switchboard,15,9,0.79098360655737709
switchboard,16,0,0.79713114754098358
switchboard,16,1,0.757700205338809
switchboard,16,2,0.79303278688524592
switchboard,16,3,0.76591375770020531
switchboard,16,4,0.80327868852459017
switchboard,16,5,0.76434426229508201
switchboard,16,6,0.81108829568788499
switchboard,16,7,0.79098360655737709
switchboard,16,8,0.77823408624229984
switchboard,16,9,0.80942622950819676
switchboard,17,0,0.80327868852459017
switchboard,17,1,0.78439425051334699
switchboard,17,2,0.80737704918032782
switchboard,17,3,0.77207392197125257
switchboard,17,4,0.79918032786885251
switchboard,17,5,0.77663934426229508
switchboard,17,6,0.7885010266940452
switchboard,17,7,0.78688524590163933
switchboard,17,8,0.77823408624229984
switchboard,17,9,0.76229508196721307
switchboard,18,0,0.7848360655737705
switchboard,18,1,0.78439425051334699
switchboard,18,2,0.79098360655737709
switchboard,18,3,0.77823408624229984
switchboard,18,4,0.77254098360655743
switchboard,18,5,0.77254098360655743
switchboard,18,6,0.82546201232032856
switchboard,18,7,0.76229508196721307
switchboard,18,8,0.80903490759753593
switchboard,18,9,0.77663934426229508
switchboard,19,0,0.81762295081967218
switchboard,19,1,0.76591375770020531
switchboard,19,2,0.79918032786885251
switchboard,19,3,0.78234086242299794
switchboard,19,4,0.75409836065573765
switchboard,19,5,0.77868852459016391
switchboard,19,6,0.78644763860369615
switchboard,19,7,0.75819672131147542
switchboard,19,8,0.79055441478439425
switchboard,19,9,0.81762295081967218
switchboard,20,0,0.79303278688524592
switchboard,20,1,0.78234086242299794
switchboard,20,2,0.78278688524590168
switchboard,20,3,0.79055441478439425
switchboard,20,4,0.79098360655737709
switchboard,20,5,0.79713114754098358
switchboard,20,6,0.77823408624229984
switchboard,20,7,0.77663934426229508
switchboard,20,8,0.77412731006160163
switchboard,20,9,0.77254098360655743
switchboard,21,0,0.73770491803278693
switchboard,21,1,0.81108829568788499
switchboard,21,2,0.78893442622950816
switchboard,21,3,0.80287474332648867
switchboard,21,4,0.79098360655737709
switchboard,21,5,0.76844262295081966
switchboard,21,6,0.78234086242299794
switchboard,21,7,0.80122950819672134
switchboard,21,8,0.80492813141683783
switchboard,21,9,0.79303278688524592
switchboard,22,0,0.74180327868852458
switchboard,22,1,0.81108829568788499
switchboard,22,2,0.77663934426229508
switchboard,22,3,0.75975359342915816
switchboard,22,4,0.77663934426229508
switchboard,22,5,0.80942622950819676
switchboard,22,6,0.81314168377823404
switchboard,22,7,0.78893442622950816
switchboard,22,8,0.8151950718685832
switchboard,22,9,0.78073770491803274
switchboard,23,0,0.76844262295081966
switchboard,23,1,0.76386036960985626
switchboard,23,2,0.76844262295081966
switchboard,23,3,0.81724845995893225
switchboard,23,4,0.78073770491803274
switchboard,23,5,0.81352459016393441
switchboard,23,6,0.79671457905544152
switchboard,23,7,0.76434426229508201
switchboard,23,8,0.74743326488706363
switchboard,23,9,0.81352459016393441
switchboard,24,0,0.80122950819672134
switchboard,24,1,0.82546201232032856
switchboard,24,2,0.77663934426229508
switchboard,24,3,0.731006160164271
switchboard,24,4,0.75819672131147542
switchboard,24,5,0.77459016393442626
switchboard,24,6,0.7885010266940452
switchboard,24,7,0.78893442622950816
switchboard,24,8,0.77823408624229984
switchboard,24,9,0.81762295081967218
bnc,0,0,0.65763813651137593
bnc,0,1,0.66088840736728061
bnc,0,2,0.66088840736728061
bnc,0,3,0.69880823401950165
bnc,0,4,0.69664138678223186
bnc,0,5,0.68329718004338391
bnc,0,6,0.65763813651137593
bnc,0,7,0.69772481040086676
bnc,0,8,0.676056338028169
bnc,0,9,0.66088840736728061
bnc,1,0,0.65655471289274103
bnc,1,1,0.676056338028169
bnc,1,2,0.67822318526543879
bnc,1,3,0.67280606717226432
bnc,1,4,0.67930660888407368
bnc,1,5,0.66160520607375273
bnc,1,6,0.66630552546045507
bnc,1,7,0.66413867822318529
bnc,1,8,0.67280606717226432
bnc,1,9,0.68472372697724815
bnc,2,0,0.68472372697724815
bnc,2,1,0.64247020585048753
bnc,2,2,0.66847237269772486
bnc,2,3,0.65113759479956668
bnc,2,4,0.68255687973997836
bnc,2,5,0.66702819956616055
bnc,2,6,0.67713976164680389
bnc,2,7,0.67063921993499453
bnc,2,8,0.69772481040086676
bnc,2,9,0.676056338028169
bnc,3,0,0.68255687973997836
bnc,3,1,0.65547128927410614
bnc,3,2,0.65005417118093178
bnc,3,3,0.67280606717226432
bnc,3,4,0.66413867822318529
bnc,3,5,0.67678958785249455
bnc,3,6,0.65005417118093178
bnc,3,7,0.69555796316359697
bnc,3,8,0.69339111592632718
bnc,3,9,0.68580715059588304
bnc,4,0,0.68580715059588304
bnc,4,1,0.66305525460455039
bnc,4,2,0.67388949079089921
bnc,4,3,0.67930660888407368
bnc,4,4,0.6901408450704225
bnc,4,5,0.675704989154013
bnc,4,6,0.66413867822318529
bnc,4,7,0.66413867822318529
bnc,4,8,0.66413867822318529
bnc,4,9,0.66847237269772486
bnc,5,0,0.67713976164680389
bnc,5,1,0.68255687973997836
bnc,5,2,0.676056338028169
bnc,5,3,0.65547128927410614
bnc,5,4,0.66738894907908997
bnc,5,5,0.67245119305856837
bnc,5,6,0.6619718309859155
bnc,5,7,0.70422535211267601
bnc,5,8,0.647887323943662
bnc,5,9,0.676056338028169
bnc,6,0,0.64247020585048753
bnc,6,1,0.65980498374864571
bnc,6,2,0.68689057421451782
bnc,6,3,0.65113759479956668
bnc,6,4,0.68039003250270857
bnc,6,5,0.70390455531453366
bnc,6,6,0.65005417118093178
bnc,6,7,0.67172264355362943
bnc,6,8,0.67388949079089921
bnc,6,9,0.68364030335861325
bnc,7,0,0.66088840736728061
bnc,7,1,0.69664138678223186
bnc,7,2,0.71180931744312026
bnc,7,3,0.65547128927410614
bnc,7,4,0.66847237269772486
bnc,7,5,0.65835140997830799
bnc,7,6,0.69447453954496208
bnc,7,7,0.68472372697724815
bnc,7,8,0.63055254604550381
bnc,7,9,0.65655471289274103
bnc,8,0,0.65763813651137593
bnc,8,1,0.65547128927410614
bnc,8,2,0.66847237269772486
bnc,8,3,0.67497291440953411
bnc,8,4,0.65655471289274103
bnc,8,5,0.67028199566160518
bnc,8,6,0.67822318526543879
bnc,8,7,0.67713976164680389
bnc,8,8,0.69339111592632718
bnc,8,9,0.67172264355362943
bnc,9,0,0.66847237269772486
bnc,9,1,0.67713976164680389
bnc,9,2,0.67388949079089921
bnc,9,3,0.66630552546045507
bnc,9,4,0.63705308775731306
bnc,9,5,0.68329718004338391
bnc,9,6,0.67822318526543879
bnc,9,7,0.67172264355362943
bnc,9,8,0.66522210184182018
bnc,9,9,0.65763813651137593
bnc,10,0,0.65763813651137593
bnc,10,1,0.67497291440953411
bnc,10,2,0.6619718309859155
bnc,10,3,0.68147345612134347
bnc,10,4,0.68689057421451782
bnc,10,5,0.64967462039045554
bnc,10,6,0.63921993499458285
bnc,10,7,0.6912242686890574
bnc,10,8,0.66088840736728061
bnc,10,9,0.69230769230769229
bnc,11,0,0.69664138678223186
bnc,11,1,0.66738894907908997
bnc,11,2,0.65763813651137593
bnc,11,3,0.65980498374864571
bnc,11,4,0.69664138678223186
bnc,11,5,0.64316702819956617
bnc,11,6,0.65547128927410614
bnc,11,7,0.65980498374864571
bnc,11,8,0.68255687973997836
bnc,11,9,0.68689057421451782
bnc,12,0,0.69989165763813654
bnc,12,1,0.6901408450704225
bnc,12,2,0.69555796316359697
bnc,12,3,0.66630552546045507
bnc,12,4,0.65655471289274103
bnc,12,5,0.68872017353579174
bnc,12,6,0.64355362946912242
bnc,12,7,0.68147345612134347
bnc,12,8,0.65763813651137593
bnc,12,9,0.65222101841820157
bnc,13,0,0.64030335861321774
bnc,13,1,0.64138678223185264
bnc,13,2,0.68255687973997836
bnc,13,3,0.70205850487540633
bnc,13,4,0.67822318526543879
bnc,13,5,0.70173535791757047
bnc,13,6,0.68039003250270857
bnc,13,7,0.66522210184182018
bnc,13,8,0.68147345612134347
bnc,13,9,0.64030335861321774
bnc,14,0,0.65655471289274103
bnc,14,1,0.66630552546045507
bnc,14,2,0.67172264355362943
bnc,14,3,0.66847237269772486
bnc,14,4,0.72697724810400866
bnc,14,5,0.68329718004338391
bnc,14,6,0.66305525460455039
bnc,14,7,0.64463705308775732
bnc,14,8,0.65655471289274103
bnc,14,9,0.67063921993499453
bnc,15,0,0.66738894907908997
bnc,15,1,0.66305525460455039
bnc,15,2,0.6901408450704225
bnc,15,3,0.65655471289274103
bnc,15,4,0.67280606717226432
bnc,15,5,0.66811279826464209
bnc,15,6,0.68580715059588304
bnc,15,7,0.65113759479956668
bnc,15,8,0.66413867822318529
bnc,15,9,0.68580715059588304
bnc,16,0,0.68689057421451782
bnc,16,1,0.66305525460455039
bnc,16,2,0.70422535211267601
bnc,16,3,0.68472372697724815
bnc,16,4,0.65113759479956668
bnc,16,5,0.66485900216919736
bnc,16,6,0.6912242686890574
bnc,16,7,0.66847237269772486
bnc,16,8,0.65655471289274103
bnc,16,9,0.63813651137594796
bnc,17,0,0.6912242686890574
bnc,17,1,0.67388949079089921
bnc,17,2,0.65980498374864571
bnc,17,3,0.68797399783315272
bnc,17,4,0.67172264355362943
bnc,17,5,0.63991323210412143
bnc,17,6,0.66955579631635964
bnc,17,7,0.68905742145178761
bnc,17,8,0.67280606717226432
bnc,17,9,0.68905742145178761
bnc,18,0,0.65113759479956668
bnc,18,1,0.68255687973997836
bnc,18,2,0.69447453954496208
bnc,18,3,0.67930660888407368
bnc,18,4,0.67822318526543879
bnc,18,5,0.67787418655097609
bnc,18,6,0.676056338028169
bnc,18,7,0.65005417118093178
bnc,18,8,0.66630552546045507
bnc,18,9,0.66305525460455039
bnc,19,0,0.65005417118093178
bnc,19,1,0.67388949079089921
bnc,19,2,0.67063921993499453
bnc,19,3,0.66305525460455039
bnc,19,4,0.70314192849404122
bnc,19,5,0.67136659436008672
bnc,19,6,0.67172264355362943
bnc,19,7,0.676056338028169
bnc,19,8,0.66738894907908997
bnc,19,9,0.66305525460455039
bnc,20,0,0.65872156013001082
bnc,20,1,0.66955579631635964
bnc,20,2,0.6619718309859155
bnc,20,3,0.66847237269772486
bnc,20,4,0.66738894907908997
bnc,20,5,0.67028199566160518
bnc,20,6,0.68580715059588304
bnc,20,7,0.68797399783315272
bnc,20,8,0.67063921993499453
bnc,20,9,0.66738894907908997
bnc,21,0,0.68147345612134347
bnc,21,1,0.66630552546045507
bnc,21,2,0.70747562296858069
bnc,21,3,0.65330444203683635
bnc,21,4,0.66305525460455039
bnc,21,5,0.67678958785249455
bnc,21,6,0.65113759479956668
bnc,21,7,0.65872156013001082
bnc,21,8,0.68147345612134347
bnc,21,9,0.69447453954496208
bnc,22,0,0.67063921993499453
bnc,22,1,0.67497291440953411
bnc,22,2,0.67280606717226432
bnc,22,3,0.66955579631635964
bnc,22,4,0.68039003250270857
bnc,22,5,0.66594360086767901
bnc,22,6,0.70205850487540633
bnc,22,7,0.65005417118093178
bnc,22,8,0.68255687973997836
bnc,22,9,0.65222101841820157
bnc,23,0,0.64572047670639221
bnc,23,1,0.66413867822318529
bnc,23,2,0.68905742145178761
bnc,23,3,0.66305525460455039
bnc,23,4,0.69230769230769229
bnc,23,5,0.66052060737527118
bnc,23,6,0.67388949079089921
bnc,23,7,0.67822318526543879
bnc,23,8,0.65980498374864571
bnc,23,9,0.67388949079089921
bnc,24,0,0.67497291440953411
bnc,24,1,0.67172264355362943
bnc,24,2,0.65222101841820157
bnc,24,3,0.65438786565547125
bnc,24,4,0.67930660888407368
bnc,24,5,0.675704989154013
bnc,24,6,0.65113759479956668
bnc,24,7,0.66413867822318529
bnc,24,8,0.67930660888407368
bnc,24,9,0.69555796316359697
speeddate,0,0,0.72222222222222221
speeddate,0,1,0.75126903553299496
speeddate,0,2,0.71212121212121215
speeddate,0,3,0.73604060913705582
speeddate,0,4,0.77272727272727271
speeddate,0,5,0.70202020202020199
speeddate,0,6,0.6649746192893401
speeddate,0,7,0.69191919191919193
speeddate,0,8,0.73096446700507611
speeddate,0,9,0.71717171717171713
speeddate,1,0,0.6767676767676768
speeddate,1,1,0.71573604060913709
speeddate,1,2,0.70202020202020199
speeddate,1,3,0.74619289340101524
speeddate,1,4,0.75252525252525249
speeddate,1,5,0.65151515151515149
speeddate,1,6,0.76142131979695427
speeddate,1,7,0.68686868686868685
speeddate,1,8,0.64467005076142136
speeddate,1,9,0.74747474747474751
speeddate,2,0,0.68181818181818177
speeddate,2,1,0.69543147208121825
speeddate,2,2,0.69696969696969702
speeddate,2,3,0.67512690355329952
speeddate,2,4,0.72222222222222221
speeddate,2,5,0.68686868686868685
speeddate,2,6,0.71065989847715738
speeddate,2,7,0.72222222222222221
speeddate,2,8,0.75126903553299496
speeddate,2,9,0.69191919191919193
speeddate,3,0,0.6767676767676768
speeddate,3,1,0.70050761421319796
speeddate,3,2,0.75252525252525249
speeddate,3,3,0.69035532994923854
speeddate,3,4,0.74747474747474751
speeddate,3,5,0.72222222222222221
speeddate,3,6,0.71573604060913709
speeddate,3,7,0.69696969696969702
speeddate,3,8,0.70558375634517767
speeddate,3,9,0.64646464646464652
speeddate,4,0,0.70202020202020199
speeddate,4,1,0.6649746192893401
speeddate,4,2,0.73737373737373735
speeddate,4,3,0.76142131979695427
speeddate,4,4,0.69696969696969702
speeddate,4,5,0.75252525252525249
speeddate,4,6,0.69035532994923854
speeddate,4,7,0.72222222222222221
speeddate,4,8,0.7208121827411168
speeddate,4,9,0.71717171717171713
speeddate,5,0,0.68686868686868685
speeddate,5,1,0.71065989847715738
speeddate,5,2,0.76767676767676762
speeddate,5,3,0.7258883248730964
speeddate,5,4,0.72727272727272729
speeddate,5,5,0.75252525252525249
speeddate,5,6,0.64974619289340096
speeddate,5,7,0.65656565656565657
speeddate,5,8,0.71065989847715738
speeddate,5,9,0.73737373737373735
speeddate,6,0,0.66666666666666663
speeddate,6,1,0.68527918781725883
speeddate,6,2,0.72727272727272729
speeddate,6,3,0.69543147208121825
speeddate,6,4,0.69696969696969702
speeddate,6,5,0.75757575757575757
speeddate,6,6,0.68527918781725883
speeddate,6,7,0.65151515151515149
speeddate,6,8,0.73604060913705582
speeddate,6,9,0.70707070707070707
speeddate,7,0,0.68181818181818177
speeddate,7,1,0.68527918781725883
speeddate,7,2,0.72222222222222221
speeddate,7,3,0.7208121827411168
speeddate,7,4,0.74747474747474751
speeddate,7,5,0.63131313131313127
speeddate,7,6,0.75634517766497467
speeddate,7,7,0.67171717171717171
speeddate,7,8,0.73096446700507611
speeddate,7,9,0.71717171717171713
speeddate,8,0,0.72222222222222221
speeddate,8,1,0.68527918781725883
speeddate,8,2,0.74747474747474751
speeddate,8,3,0.68020304568527923
speeddate,8,4,0.75252525252525249
speeddate,8,5,0.68686868686868685
speeddate,8,6,0.69543147208121825
speeddate,8,7,0.72222222222222221
speeddate,8,8,0.71065989847715738
speeddate,8,9,0.71717171717171713
speeddate,9,0,0.68181818181818177
speeddate,9,1,0.65482233502538068
speeddate,9,2,0.69696969696969702
speeddate,9,3,0.7766497461928934
speeddate,9,4,0.73737373737373735
speeddate,9,5,0.72727272727272729
speeddate,9,6,0.74619289340101524
speeddate,9,7,0.66161616161616166
speeddate,9,8,0.7208121827411168
speeddate,9,9,0.70707070707070707
speeddate,10,0,0.68181818181818177
speeddate,10,1,0.69543147208121825
speeddate,10,2,0.68686868686868685
speeddate,10,3,0.73604060913705582
speeddate,10,4,0.73737373737373735
speeddate,10,5,0.69696969696969702
speeddate,10,6,0.70050761421319796
speeddate,10,7,0.73232323232323238
speeddate,10,8,0.67512690355329952
speeddate,10,9,0.70707070707070707
speeddate,11,0,0.69696969696969702
speeddate,11,1,0.74111675126903553
speeddate,11,2,0.69696969696969702
speeddate,11,3,0.74619289340101524
speeddate,11,4,0.69191919191919193
speeddate,11,5,0.68181818181818177
speeddate,11,6,0.7208121827411168
speeddate,11,7,0.71717171717171713
speeddate,11,8,0.76142131979695427
speeddate,11,9,0.72222222222222221
speeddate,12,0,0.76262626262626265
speeddate,12,1,0.67005076142131981
speeddate,12,2,0.72222222222222221
speeddate,12,3,0.71573604060913709
speeddate,12,4,0.74242424242424243
speeddate,12,5,0.70707070707070707
speeddate,12,6,0.6649746192893401
speeddate,12,7,0.75757575757575757
speeddate,12,8,0.7208121827411168
speeddate,12,9,0.69696969696969702
speeddate,13,0,0.70707070707070707
speeddate,13,1,0.76142131979695427
speeddate,13,2,0.66161616161616166
speeddate,13,3,0.69035532994923854
speeddate,13,4,0.70707070707070707
speeddate,13,5,0.70202020202020199
speeddate,13,6,0.71573604060913709
speeddate,13,7,0.71212121212121215
speeddate,13,8,0.69543147208121825
speeddate,13,9,0.71717171717171713
speeddate,14,0,0.73232323232323238
speeddate,14,1,0.67005076142131981
speeddate,14,2,0.79797979797979801
speeddate,14,3,0.69543147208121825
speeddate,14,4,0.79292929292929293
speeddate,14,5,0.68181818181818177
speeddate,14,6,0.71065989847715738
speeddate,14,7,0.70707070707070707
speeddate,14,8,0.7208121827411168
speeddate,14,9,0.68686868686868685
speeddate,15,0,0.61111111111111116
speeddate,15,1,0.71573604060913709
speeddate,15,2,0.69696969696969702
speeddate,15,3,0.69035532994923854
speeddate,15,4,0.74242424242424243
speeddate,15,5,0.71212121212121215
speeddate,15,6,0.75634517766497467
speeddate,15,7,0.71717171717171713
speeddate,15,8,0.68527918781725883
speeddate,15,9,0.71717171717171713
speeddate,16,0,0.72727272727272729
speeddate,16,1,0.69035532994923854
speeddate,16,2,0.68686868686868685
speeddate,16,3,0.7258883248730964
speeddate,16,4,0.69696969696969702
speeddate,16,5,0.74747474747474751
speeddate,16,6,0.71065989847715738
speeddate,16,7,0.71212121212121215
speeddate,16,8,0.69543147208121825
speeddate,16,9,0.73737373737373735
speeddate,17,0,0.76767676767676762
speeddate,17,1,0.70050761421319796
speeddate,17,2,0.68181818181818177
speeddate,17,3,0.74111675126903553
speeddate,17,4,0.71717171717171713
speeddate,17,5,0.70202020202020199
speeddate,17,6,0.69543147208121825
speeddate,17,7,0.75252525252525249
speeddate,17,8,0.71573604060913709
speeddate,17,9,0.70202020202020199
speeddate,18,0,0.72727272727272729
speeddate,18,1,0.7208121827411168
speeddate,18,2,0.76767676767676762
speeddate,18,3,0.70558375634517767
speeddate,18,4,0.69191919191919193
speeddate,18,5,0.68686868686868685
speeddate,18,6,0.7208121827411168
speeddate,18,7,0.70202020202020199
speeddate,18,8,0.68527918781725883
speeddate,18,9,0.71212121212121215
speeddate,19,0,0.6262626262626263
speeddate,19,1,0.73604060913705582
speeddate,19,2,0.69191919191919193
speeddate,19,3,0.65989847715736039
speeddate,19,4,0.73232323232323238
speeddate,19,5,0.73232323232323238
speeddate,19,6,0.7208121827411168
speeddate,19,7,0.69696969696969702
speeddate,19,8,0.69035532994923854
speeddate,19,9,0.76767676767676762
speeddate,20,0,0.72727272727272729
speeddate,20,1,0.69543147208121825
speeddate,20,2,0.71717171717171713
speeddate,20,3,0.69543147208121825
speeddate,20,4,0.68181818181818177
speeddate,20,5,0.73232323232323238
speeddate,20,6,0.71065989847715738
speeddate,20,7,0.64646464646464652
speeddate,20,8,0.73096446700507611
speeddate,20,9,0.74242424242424243
speeddate,21,0,0.72727272727272729
speeddate,21,1,0.64974619289340096
speeddate,21,2,0.76262626262626265
speeddate,21,3,0.71573604060913709
speeddate,21,4,0.6767676767676768
speeddate,21,5,0.73737373737373735
speeddate,21,6,0.69543147208121825
speeddate,21,7,0.71717171717171713
speeddate,21,8,0.71573604060913709
speeddate,21,9,0.73737373737373735
speeddate,22,0,0.65151515151515149
speeddate,22,1,0.70558375634517767
speeddate,22,2,0.71212121212121215
speeddate,22,3,0.7208121827411168
speeddate,22,4,0.67171717171717171
speeddate,22,5,0.71717171717171713
speeddate,22,6,0.73096446700507611
speeddate,22,7,0.76767676767676762
speeddate,22,8,0.65989847715736039
speeddate,22,9,0.74747474747474751
speeddate,23,0,0.6767676767676768
speeddate,23,1,0.71065989847715738
speeddate,23,2,0.66161616161616166
speeddate,23,3,0.75634517766497467
speeddate,23,4,0.73232323232323238
speeddate,23,5,0.69191919191919193
speeddate,23,6,0.73096446700507611
speeddate,23,7,0.72727272727272729
speeddate,23,8,0.75634517766497467
speeddate,23,9,0.74242424242424243
speeddate,24,0,0.71212121212121215
speeddate,24,1,0.73604060913705582
speeddate,24,2,0.6767676767676768
speeddate,24,3,0.71065989847715738
speeddate,24,4,0.69191919191919193
speeddate,24,5,0.72222222222222221
speeddate,24,6,0.73096446700507611
speeddate,24,7,0.71212121212121215
speeddate,24,8,0.71573604060913709
speeddate,24,9,0.70707070707070707
